,drug,1,2,3,4,5,6,7,8,9,10,11,12,13,14,15,16,17,18,19,20,21,22,23,24,25,26,27
0,"DRG1,DRG2",0.0,0.0,10.5,10.5,10.5,10.5,3.5,3.5,3.5,3.5,3.5,3.5,0.0,0.0,0.0,6.5,6.5,6.5,0.5,2.0,2.0,2.0,1.0,1.0,0.5,0.5,0.5
1,"DRG1,DRG3",0.0,10.5,0.0,10.5,10.5,10.5,3.5,3.5,3.5,3.5,3.5,3.5,0.0,0.0,0.0,6.5,6.5,6.5,0.5,2.0,2.0,2.0,1.0,1.0,0.5,0.5,0.5
2,"DRG1,DRG4",0.0,10.5,10.5,0.0,10.5,10.5,3.5,3.5,3.5,3.5,3.5,3.5,0.0,0.0,0.0,6.5,6.5,6.5,0.5,2.0,2.0,2.0,1.0,1.0,0.5,0.5,0.5
3,"DRG1,DRG5",0.0,0.0,3.5,3.5,0.0,10.5,3.5,3.5,3.5,3.5,3.5,3.5,0.0,0.0,0.0,6.5,6.5,6.5,0.5,2.0,2.0,2.0,1.0,1.0,0.5,0.5,0.5
4,"DRG1,DRG6",0.0,10.5,10.5,10.5,10.5,10.5,3.5,0.0,3.5,3.5,3.5,3.5,0.0,0.0,0.0,6.5,6.5,6.5,0.5,2.0,2.0,2.0,1.0,1.0,0.5,0.5,0.5
5,"DRG1,DRG7",0.0,0.0,3.5,3.5,0.0,0.0,3.5,3.5,3.5,3.5,3.5,3.5,0.0,0.0,0.0,6.5,6.5,6.5,0.5,2.0,2.0,2.0,1.0,1.0,0.5,0.5,0.5
6,"DRG1,DRG8",0.0,8.0,8.0,8.0,8.0,8.0,0.0,0.0,0.0,0.0,3.5,3.5,0.0,0.0,0.0,6.5,6.5,6.5,0.5,2.0,2.0,2.0,1.0,1.0,0.5,0.5,0.5
7,"DRG1,DRG9",0.0,8.5,8.5,8.5,8.5,8.5,3.5,3.5,3.5,3.5,3.5,3.5,0.0,0.0,0.0,6.5,6.5,6.5,0.5,2.0,2.0,2.0,1.0,1.0,0.5,0.5,0.5
8,"DRG1,DRG10",0.0,4.5,4.5,4.5,4.5,4.5,3.5,3.5,3.5,3.5,3.5,3.5,0.0,0.0,0.0,0.0,6.5,6.5,0.5,2.0,2.0,2.0,1.0,1.0,0.5,0.5,0.5
9,"DRG1,DRG11",0.0,8.0,8.0,8.0,8.0,8.0,3.5,0.0,0.0,3.5,3.5,3.5,0.0,0.0,0.0,6.5,6.5,6.5,0.5,2.0,2.0,2.0,1.0,1.0,0.5,0.5,0.5
10,"DRG1,DRG12",0.0,8.5,8.5,8.5,8.5,8.5,3.5,3.5,3.5,3.5,3.5,3.5,0.0,0.0,0.0,6.5,6.5,6.5,0.5,2.0,2.0,2.0,1.0,1.0,0.5,0.5,0.5
11,"DRG1,DRG13",0.0,4.5,4.5,4.5,4.5,4.5,3.5,3.5,3.5,3.5,3.5,3.5,0.0,0.0,0.0,0.0,0.0,6.5,0.5,2.0,2.0,2.0,1.0,1.0,0.5,0.5,0.5
12,"DRG1,DRG14",0.0,8.0,8.0,8.0,8.0,8.0,0.0,0.0,0.0,0.0,3.5,3.5,0.0,0.0,0.0,6.5,6.5,6.5,0.5,2.0,2.0,2.0,1.0,1.0,0.5,0.5,0.5
13,"DRG1,DRG15",0.0,8.5,8.5,8.5,8.5,8.5,3.5,3.5,3.5,3.5,3.5,3.5,0.0,0.0,0.0,6.5,6.5,6.5,0.5,2.0,2.0,2.0,1.0,1.0,0.5,0.5,0.5
14,"DRG1,DRG16",0.0,4.5,4.5,4.5,4.5,4.5,3.5,3.5,3.5,3.5,3.5,3.5,0.0,0.0,0.0,0.0,0.0,0.0,0.5,2.0,2.0,2.0,1.0,1.0,0.5,0.5,0.5
15,"DRG1,DRG17",0.0,8.0,8.0,8.0,8.0,8.0,0.0,0.0,0.0,0.0,0.0,3.5,0.0,0.0,0.0,6.5,6.5,6.5,0.5,2.0,2.0,2.0,1.0,1.0,0.5,0.5,0.5
16,"DRG1,DRG18",0.0,8.0,8.0,8.0,8.0,8.0,1.0,1.0,1.0,1.0,1.0,0.0,0.0,0.0,0.0,6.5,6.5,6.5,0.5,2.0,2.0,2.0,1.0,1.0,0.5,0.5,0.5
17,"DRG1,DRG19",2.0,10.5,10.5,10.5,10.5,10.5,3.5,3.5,3.5,3.5,3.5,3.5,3.5,3.5,3.5,6.5,6.5,6.5,3.5,2.0,2.0,2.0,2.0,2.0,2.0,2.0,2.0
18,"DRG1,DRG20",0.5,10.5,10.5,10.5,10.5,10.5,3.5,3.5,3.5,3.5,3.5,3.5,0.5,0.5,0.5,8.5,8.5,8.5,0.5,3.5,3.5,3.5,1.5,1.5,0.5,0.5,0.5
19,"DRG1,DRG21",0.0,10.5,10.5,10.5,10.5,10.5,1.5,1.5,1.5,1.5,1.5,1.5,0.0,0.0,0.0,6.5,6.5,6.5,0.5,0.0,0.0,2.0,1.0,1.0,0.5,0.5,0.5
20,"DRG1,DRG22",0.0,10.5,10.5,10.5,10.5,10.5,1.5,1.5,1.5,1.5,1.5,1.5,0.0,0.0,0.0,6.5,6.5,6.5,0.5,0.0,0.0,0.0,1.0,1.0,0.5,0.5,0.5
21,"DRG1,DRG23",0.0,4.5,4.5,4.5,4.5,4.5,3.5,3.5,3.5,3.5,3.5,3.5,0.0,0.0,0.0,1.5,1.5,1.5,0.5,1.0,1.0,1.0,0.0,1.0,0.5,0.5,0.5
22,"DRG1,DRG24",1.0,10.5,10.5,10.5,10.5,10.5,3.5,3.5,3.5,3.5,3.5,3.5,1.0,1.0,1.0,6.5,6.5,6.5,1.5,2.0,2.0,2.0,1.0,1.0,1.5,1.5,1.5
23,"DRG1,DRG25",0.0,8.5,8.5,8.5,8.5,8.5,2.5,2.5,2.5,2.5,2.5,2.5,0.0,0.0,0.0,5.0,5.0,5.0,0.5,1.5,1.5,1.5,1.0,1.0,0.0,0.5,0.5
24,"DRG1,DRG26",0.0,8.5,8.5,8.5,8.5,8.5,2.5,2.5,2.5,2.5,2.5,2.5,0.0,0.0,0.0,5.0,5.0,5.0,0.5,1.5,1.5,1.5,1.0,1.0,0.5,0.0,0.5
25,"DRG1,DRG27",0.5,10.5,10.5,10.5,10.5,10.5,3.5,3.5,3.5,3.5,3.5,3.5,0.5,0.5,0.5,6.5,6.5,6.5,0.5,2.0,2.0,2.0,1.5,1.5,1.0,0.5,0.5
26,"DRG2,DRG3",10.5,0.0,0.0,10.5,10.5,10.5,3.5,3.5,3.5,3.5,3.5,3.5,0.0,0.0,0.0,6.5,6.5,6.5,0.5,2.0,2.0,2.0,1.0,1.0,0.5,0.5,0.5
27,"DRG2,DRG4",10.5,0.0,10.5,0.0,10.5,10.5,3.5,3.5,3.5,3.5,3.5,3.5,0.0,0.0,0.0,6.5,6.5,6.5,0.5,2.0,2.0,2.0,1.0,1.0,0.5,0.5,0.5
28,"DRG2,DRG5",0.0,0.0,3.5,3.5,0.0,10.5,3.5,3.5,3.5,3.5,3.5,3.5,0.0,0.0,0.0,6.5,6.5,6.5,0.5,2.0,2.0,2.0,1.0,1.0,0.5,0.5,0.5
29,"DRG2,DRG6",10.5,0.0,10.5,10.5,10.5,10.5,3.5,0.0,3.5,3.5,3.5,3.5,0.0,0.0,0.0,6.5,6.5,6.5,0.5,2.0,2.0,2.0,1.0,1.0,0.5,0.5,0.5
30,"DRG2,DRG7",0.0,0.0,3.5,3.5,0.0,0.0,3.5,3.5,3.5,3.5,3.5,3.5,0.0,0.0,0.0,6.5,6.5,6.5,0.5,2.0,2.0,2.0,1.0,1.0,0.5,0.5,0.5
31,"DRG2,DRG8",8.0,0.0,8.0,8.0,8.0,8.0,0.0,0.0,0.0,0.0,3.5,3.5,0.0,0.0,0.0,6.5,6.5,6.5,0.5,2.0,2.0,2.0,1.0,1.0,0.5,0.5,0.5
32,"DRG2,DRG9",8.5,0.0,8.5,8.5,8.5,8.5,3.5,3.5,3.5,3.5,3.5,3.5,0.0,0.0,0.0,6.5,6.5,6.5,0.5,2.0,2.0,2.0,1.0,1.0,0.5,0.5,0.5
33,"DRG2,DRG10",4.5,0.0,4.5,4.5,4.5,4.5,3.5,3.5,3.5,3.5,3.5,3.5,0.0,0.0,0.0,0.0,6.5,6.5,0.5,2.0,2.0,2.0,1.0,1.0,0.5,0.5,0.5
34,"DRG2,DRG11",8.0,0.0,8.0,8.0,8.0,8.0,3.5,0.0,0.0,3.5,3.5,3.5,0.0,0.0,0.0,6.5,6.5,6.5,0.5,2.0,2.0,2.0,1.0,1.0,0.5,0.5,0.5
35,"DRG2,DRG12",8.5,0.0,8.5,8.5,8.5,8.5,3.5,3.5,3.5,3.5,3.5,3.5,0.0,0.0,0.0,6.5,6.5,6.5,0.5,2.0,2.0,2.0,1.0,1.0,0.5,0.5,0.5
36,"DRG2,DRG13",4.5,0.0,4.5,4.5,4.5,4.5,3.5,3.5,3.5,3.5,3.5,3.5,0.0,0.0,0.0,0.0,0.0,6.5,0.5,2.0,2.0,2.0,1.0,1.0,0.5,0.5,0.5
37,"DRG2,DRG14",8.0,0.0,8.0,8.0,8.0,8.0,0.0,0.0,0.0,0.0,3.5,3.5,0.0,0.0,0.0,6.5,6.5,6.5,0.5,2.0,2.0,2.0,1.0,1.0,0.5,0.5,0.5
38,"DRG2,DRG15",8.5,0.0,8.5,8.5,8.5,8.5,3.5,3.5,3.5,3.5,3.5,3.5,0.0,0.0,0.0,6.5,6.5,6.5,0.5,2.0,2.0,2.0,1.0,1.0,0.5,0.5,0.5
39,"DRG2,DRG16",4.5,0.0,4.5,4.5,4.5,4.5,3.5,3.5,3.5,3.5,3.5,3.5,0.0,0.0,0.0,0.0,0.0,0.0,0.5,2.0,2.0,2.0,1.0,1.0,0.5,0.5,0.5
40,"DRG2,DRG17",8.0,0.0,8.0,8.0,8.0,8.0,0.0,0.0,0.0,0.0,0.0,3.5,0.0,0.0,0.0,6.5,6.5,6.5,0.5,2.0,2.0,2.0,1.0,1.0,0.5,0.5,0.5
41,"DRG2,DRG18",8.0,0.0,8.0,8.0,8.0,8.0,1.0,1.0,1.0,1.0,1.0,0.0,0.0,0.0,0.0,6.5,6.5,6.5,0.5,2.0,2.0,2.0,1.0,1.0,0.5,0.5,0.5
42,"DRG2,DRG19",10.5,2.0,10.5,10.5,10.5,10.5,3.5,3.5,3.5,3.5,3.5,3.5,3.5,3.5,3.5,6.5,6.5,6.5,3.5,2.0,2.0,2.0,2.0,2.0,2.0,2.0,2.0
43,"DRG2,DRG20",10.5,0.5,10.5,10.5,10.5,10.5,3.5,3.5,3.5,3.5,3.5,3.5,0.5,0.5,0.5,8.5,8.5,8.5,0.5,3.5,3.5,3.5,1.5,1.5,0.5,0.5,0.5
44,"DRG2,DRG21",10.5,0.0,10.5,10.5,10.5,10.5,1.5,1.5,1.5,1.5,1.5,1.5,0.0,0.0,0.0,6.5,6.5,6.5,0.5,0.0,0.0,2.0,1.0,1.0,0.5,0.5,0.5
45,"DRG2,DRG22",10.5,0.0,10.5,10.5,10.5,10.5,1.5,1.5,1.5,1.5,1.5,1.5,0.0,0.0,0.0,6.5,6.5,6.5,0.5,0.0,0.0,0.0,1.0,1.0,0.5,0.5,0.5
46,"DRG2,DRG23",4.5,0.0,4.5,4.5,4.5,4.5,3.5,3.5,3.5,3.5,3.5,3.5,0.0,0.0,0.0,1.5,1.5,1.5,0.5,1.0,1.0,1.0,0.0,1.0,0.5,0.5,0.5
47,"DRG2,DRG24",10.5,1.0,10.5,10.5,10.5,10.5,3.5,3.5,3.5,3.5,3.5,3.5,1.0,1.0,1.0,6.5,6.5,6.5,1.5,2.0,2.0,2.0,1.0,1.0,1.5,1.5,1.5
48,"DRG2,DRG25",8.5,0.0,8.5,8.5,8.5,8.5,2.5,2.5,2.5,2.5,2.5,2.5,0.0,0.0,0.0,5.0,5.0,5.0,0.5,1.5,1.5,1.5,1.0,1.0,0.0,0.5,0.5
49,"DRG2,DRG26",8.5,0.0,8.5,8.5,8.5,8.5,2.5,2.5,2.5,2.5,2.5,2.5,0.0,0.0,0.0,5.0,5.0,5.0,0.5,1.5,1.5,1.5,1.0,1.0,0.5,0.0,0.5
50,"DRG2,DRG27",10.5,0.5,10.5,10.5,10.5,10.5,3.5,3.5,3.5,3.5,3.5,3.5,0.5,0.5,0.5,6.5,6.5,6.5,0.5,2.0,2.0,2.0,1.5,1.5,1.0,0.5,0.5
51,"DRG3,DRG4",10.5,10.5,0.0,0.0,10.5,10.5,3.5,3.5,3.5,3.5,3.5,3.5,0.0,0.0,0.0,6.5,6.5,6.5,0.5,2.0,2.0,2.0,1.0,1.0,0.5,0.5,0.5
52,"DRG3,DRG5",0.0,0.0,0.0,3.5,0.0,10.5,3.5,3.5,3.5,3.5,3.5,3.5,0.0,0.0,0.0,6.5,6.5,6.5,0.5,2.0,2.0,2.0,1.0,1.0,0.5,0.5,0.5
53,"DRG3,DRG6",10.5,10.5,0.0,10.5,10.5,10.5,3.5,0.0,3.5,3.5,3.5,3.5,0.0,0.0,0.0,6.5,6.5,6.5,0.5,2.0,2.0,2.0,1.0,1.0,0.5,0.5,0.5
54,"DRG3,DRG7",0.0,0.0,0.0,3.5,0.0,0.0,3.5,3.5,3.5,3.5,3.5,3.5,0.0,0.0,0.0,6.5,6.5,6.5,0.5,2.0,2.0,2.0,1.0,1.0,0.5,0.5,0.5
55,"DRG3,DRG8",8.0,8.0,0.0,8.0,8.0,8.0,0.0,0.0,0.0,0.0,3.5,3.5,0.0,0.0,0.0,6.5,6.5,6.5,0.5,2.0,2.0,2.0,1.0,1.0,0.5,0.5,0.5
56,"DRG3,DRG9",8.5,8.5,0.0,8.5,8.5,8.5,3.5,3.5,3.5,3.5,3.5,3.5,0.0,0.0,0.0,6.5,6.5,6.5,0.5,2.0,2.0,2.0,1.0,1.0,0.5,0.5,0.5
57,"DRG3,DRG10",4.5,4.5,0.0,4.5,4.5,4.5,3.5,3.5,3.5,3.5,3.5,3.5,0.0,0.0,0.0,0.0,6.5,6.5,0.5,2.0,2.0,2.0,1.0,1.0,0.5,0.5,0.5
58,"DRG3,DRG11",8.0,8.0,0.0,8.0,8.0,8.0,3.5,0.0,0.0,3.5,3.5,3.5,0.0,0.0,0.0,6.5,6.5,6.5,0.5,2.0,2.0,2.0,1.0,1.0,0.5,0.5,0.5
59,"DRG3,DRG12",8.5,8.5,0.0,8.5,8.5,8.5,3.5,3.5,3.5,3.5,3.5,3.5,0.0,0.0,0.0,6.5,6.5,6.5,0.5,2.0,2.0,2.0,1.0,1.0,0.5,0.5,0.5
60,"DRG3,DRG13",4.5,4.5,0.0,4.5,4.5,4.5,3.5,3.5,3.5,3.5,3.5,3.5,0.0,0.0,0.0,0.0,0.0,6.5,0.5,2.0,2.0,2.0,1.0,1.0,0.5,0.5,0.5
61,"DRG3,DRG14",8.0,8.0,0.0,8.0,8.0,8.0,0.0,0.0,0.0,0.0,3.5,3.5,0.0,0.0,0.0,6.5,6.5,6.5,0.5,2.0,2.0,2.0,1.0,1.0,0.5,0.5,0.5
62,"DRG3,DRG15",8.5,8.5,0.0,8.5,8.5,8.5,3.5,3.5,3.5,3.5,3.5,3.5,0.0,0.0,0.0,6.5,6.5,6.5,0.5,2.0,2.0,2.0,1.0,1.0,0.5,0.5,0.5
63,"DRG3,DRG16",4.5,4.5,0.0,4.5,4.5,4.5,3.5,3.5,3.5,3.5,3.5,3.5,0.0,0.0,0.0,0.0,0.0,0.0,0.5,2.0,2.0,2.0,1.0,1.0,0.5,0.5,0.5
64,"DRG3,DRG17",8.0,8.0,0.0,8.0,8.0,8.0,0.0,0.0,0.0,0.0,0.0,3.5,0.0,0.0,0.0,6.5,6.5,6.5,0.5,2.0,2.0,2.0,1.0,1.0,0.5,0.5,0.5
65,"DRG3,DRG18",8.0,8.0,0.0,8.0,8.0,8.0,1.0,1.0,1.0,1.0,1.0,0.0,0.0,0.0,0.0,6.5,6.5,6.5,0.5,2.0,2.0,2.0,1.0,1.0,0.5,0.5,0.5
66,"DRG3,DRG19",10.5,10.5,2.0,10.5,10.5,10.5,3.5,3.5,3.5,3.5,3.5,3.5,3.5,3.5,3.5,6.5,6.5,6.5,3.5,2.0,2.0,2.0,2.0,2.0,2.0,2.0,2.0
67,"DRG3,DRG20",10.5,10.5,0.5,10.5,10.5,10.5,3.5,3.5,3.5,3.5,3.5,3.5,0.5,0.5,0.5,8.5,8.5,8.5,0.5,3.5,3.5,3.5,1.5,1.5,0.5,0.5,0.5
68,"DRG3,DRG21",10.5,10.5,0.0,10.5,10.5,10.5,1.5,1.5,1.5,1.5,1.5,1.5,0.0,0.0,0.0,6.5,6.5,6.5,0.5,0.0,0.0,2.0,1.0,1.0,0.5,0.5,0.5
69,"DRG3,DRG22",10.5,10.5,0.0,10.5,10.5,10.5,1.5,1.5,1.5,1.5,1.5,1.5,0.0,0.0,0.0,6.5,6.5,6.5,0.5,0.0,0.0,0.0,1.0,1.0,0.5,0.5,0.5
70,"DRG3,DRG23",4.5,4.5,0.0,4.5,4.5,4.5,3.5,3.5,3.5,3.5,3.5,3.5,0.0,0.0,0.0,1.5,1.5,1.5,0.5,1.0,1.0,1.0,0.0,1.0,0.5,0.5,0.5
71,"DRG3,DRG24",10.5,10.5,1.0,10.5,10.5,10.5,3.5,3.5,3.5,3.5,3.5,3.5,1.0,1.0,1.0,6.5,6.5,6.5,1.5,2.0,2.0,2.0,1.0,1.0,1.5,1.5,1.5
72,"DRG3,DRG25",8.5,8.5,0.0,8.5,8.5,8.5,2.5,2.5,2.5,2.5,2.5,2.5,0.0,0.0,0.0,5.0,5.0,5.0,0.5,1.5,1.5,1.5,1.0,1.0,0.0,0.5,0.5
73,"DRG3,DRG26",8.5,8.5,0.0,8.5,8.5,8.5,2.5,2.5,2.5,2.5,2.5,2.5,0.0,0.0,0.0,5.0,5.0,5.0,0.5,1.5,1.5,1.5,1.0,1.0,0.5,0.0,0.5
74,"DRG3,DRG27",10.5,10.5,0.5,10.5,10.5,10.5,3.5,3.5,3.5,3.5,3.5,3.5,0.5,0.5,0.5,6.5,6.5,6.5,0.5,2.0,2.0,2.0,1.5,1.5,1.0,0.5,0.5
75,"DRG4,DRG5",0.0,0.0,3.5,0.0,0.0,10.5,3.5,3.5,3.5,3.5,3.5,3.5,0.0,0.0,0.0,6.5,6.5,6.5,0.5,2.0,2.0,2.0,1.0,1.0,0.5,0.5,0.5
76,"DRG4,DRG6",10.5,10.5,10.5,0.0,10.5,10.5,3.5,0.0,3.5,3.5,3.5,3.5,0.0,0.0,0.0,6.5,6.5,6.5,0.5,2.0,2.0,2.0,1.0,1.0,0.5,0.5,0.5
77,"DRG4,DRG7",0.0,0.0,3.5,0.0,0.0,0.0,3.5,3.5,3.5,3.5,3.5,3.5,0.0,0.0,0.0,6.5,6.5,6.5,0.5,2.0,2.0,2.0,1.0,1.0,0.5,0.5,0.5
78,"DRG4,DRG8",8.0,8.0,8.0,0.0,8.0,8.0,0.0,0.0,0.0,0.0,3.5,3.5,0.0,0.0,0.0,6.5,6.5,6.5,0.5,2.0,2.0,2.0,1.0,1.0,0.5,0.5,0.5
79,"DRG4,DRG9",8.5,8.5,8.5,0.0,8.5,8.5,3.5,3.5,3.5,3.5,3.5,3.5,0.0,0.0,0.0,6.5,6.5,6.5,0.5,2.0,2.0,2.0,1.0,1.0,0.5,0.5,0.5
80,"DRG4,DRG10",4.5,4.5,4.5,0.0,4.5,4.5,3.5,3.5,3.5,3.5,3.5,3.5,0.0,0.0,0.0,0.0,6.5,6.5,0.5,2.0,2.0,2.0,1.0,1.0,0.5,0.5,0.5
81,"DRG4,DRG11",8.0,8.0,8.0,0.0,8.0,8.0,3.5,0.0,0.0,3.5,3.5,3.5,0.0,0.0,0.0,6.5,6.5,6.5,0.5,2.0,2.0,2.0,1.0,1.0,0.5,0.5,0.5
82,"DRG4,DRG12",8.5,8.5,8.5,0.0,8.5,8.5,3.5,3.5,3.5,3.5,3.5,3.5,0.0,0.0,0.0,6.5,6.5,6.5,0.5,2.0,2.0,2.0,1.0,1.0,0.5,0.5,0.5
83,"DRG4,DRG13",4.5,4.5,4.5,0.0,4.5,4.5,3.5,3.5,3.5,3.5,3.5,3.5,0.0,0.0,0.0,0.0,0.0,6.5,0.5,2.0,2.0,2.0,1.0,1.0,0.5,0.5,0.5
84,"DRG4,DRG14",8.0,8.0,8.0,0.0,8.0,8.0,0.0,0.0,0.0,0.0,3.5,3.5,0.0,0.0,0.0,6.5,6.5,6.5,0.5,2.0,2.0,2.0,1.0,1.0,0.5,0.5,0.5
85,"DRG4,DRG15",8.5,8.5,8.5,0.0,8.5,8.5,3.5,3.5,3.5,3.5,3.5,3.5,0.0,0.0,0.0,6.5,6.5,6.5,0.5,2.0,2.0,2.0,1.0,1.0,0.5,0.5,0.5
86,"DRG4,DRG16",4.5,4.5,4.5,0.0,4.5,4.5,3.5,3.5,3.5,3.5,3.5,3.5,0.0,0.0,0.0,0.0,0.0,0.0,0.5,2.0,2.0,2.0,1.0,1.0,0.5,0.5,0.5
87,"DRG4,DRG17",8.0,8.0,8.0,0.0,8.0,8.0,0.0,0.0,0.0,0.0,0.0,3.5,0.0,0.0,0.0,6.5,6.5,6.5,0.5,2.0,2.0,2.0,1.0,1.0,0.5,0.5,0.5
88,"DRG4,DRG18",8.0,8.0,8.0,0.0,8.0,8.0,1.0,1.0,1.0,1.0,1.0,0.0,0.0,0.0,0.0,6.5,6.5,6.5,0.5,2.0,2.0,2.0,1.0,1.0,0.5,0.5,0.5
89,"DRG4,DRG19",10.5,10.5,10.5,2.0,10.5,10.5,3.5,3.5,3.5,3.5,3.5,3.5,3.5,3.5,3.5,6.5,6.5,6.5,3.5,2.0,2.0,2.0,2.0,2.0,2.0,2.0,2.0
90,"DRG4,DRG20",10.5,10.5,10.5,0.5,10.5,10.5,3.5,3.5,3.5,3.5,3.5,3.5,0.5,0.5,0.5,8.5,8.5,8.5,0.5,3.5,3.5,3.5,1.5,1.5,0.5,0.5,0.5
91,"DRG4,DRG21",10.5,10.5,10.5,0.0,10.5,10.5,1.5,1.5,1.5,1.5,1.5,1.5,0.0,0.0,0.0,6.5,6.5,6.5,0.5,0.0,0.0,2.0,1.0,1.0,0.5,0.5,0.5
92,"DRG4,DRG22",10.5,10.5,10.5,0.0,10.5,10.5,1.5,1.5,1.5,1.5,1.5,1.5,0.0,0.0,0.0,6.5,6.5,6.5,0.5,0.0,0.0,0.0,1.0,1.0,0.5,0.5,0.5
93,"DRG4,DRG23",4.5,4.5,4.5,0.0,4.5,4.5,3.5,3.5,3.5,3.5,3.5,3.5,0.0,0.0,0.0,1.5,1.5,1.5,0.5,1.0,1.0,1.0,0.0,1.0,0.5,0.5,0.5
94,"DRG4,DRG24",10.5,10.5,10.5,1.0,10.5,10.5,3.5,3.5,3.5,3.5,3.5,3.5,1.0,1.0,1.0,6.5,6.5,6.5,1.5,2.0,2.0,2.0,1.0,1.0,1.5,1.5,1.5
95,"DRG4,DRG25",8.5,8.5,8.5,0.0,8.5,8.5,2.5,2.5,2.5,2.5,2.5,2.5,0.0,0.0,0.0,5.0,5.0,5.0,0.5,1.5,1.5,1.5,1.0,1.0,0.0,0.5,0.5
96,"DRG4,DRG26",8.5,8.5,8.5,0.0,8.5,8.5,2.5,2.5,2.5,2.5,2.5,2.5,0.0,0.0,0.0,5.0,5.0,5.0,0.5,1.5,1.5,1.5,1.0,1.0,0.5,0.0,0.5
97,"DRG4,DRG27",10.5,10.5,10.5,0.5,10.5,10.5,3.5,3.5,3.5,3.5,3.5,3.5,0.5,0.5,0.5,6.5,6.5,6.5,0.5,2.0,2.0,2.0,1.5,1.5,1.0,0.5,0.5
98,"DRG5,DRG6",0.0,0.0,0.0,3.5,0.0,10.5,3.5,0.0,3.5,3.5,3.5,3.5,0.0,0.0,0.0,6.5,6.5,6.5,0.5,2.0,2.0,2.0,1.0,1.0,0.5,0.5,0.5
99,"DRG5,DRG7",0.0,0.0,3.5,3.5,0.0,0.0,3.5,3.5,3.5,3.5,3.5,3.5,0.0,0.0,0.0,6.5,6.5,6.5,0.5,2.0,2.0,2.0,1.0,1.0,0.5,0.5,0.5
100,"DRG5,DRG8",0.0,0.0,0.0,0.0,0.0,8.0,0.0,0.0,0.0,0.0,3.5,3.5,0.0,0.0,0.0,6.5,6.5,6.5,0.5,2.0,2.0,2.0,1.0,1.0,0.5,0.5,0.5
101,"DRG5,DRG9",0.0,0.0,3.5,3.5,0.0,8.5,3.5,3.5,3.5,3.5,3.5,3.5,0.0,0.0,0.0,6.5,6.5,6.5,0.5,2.0,2.0,2.0,1.0,1.0,0.5,0.5,0.5
102,"DRG5,DRG10",0.0,0.0,3.5,3.5,0.0,4.5,3.5,3.5,3.5,3.5,3.5,3.5,0.0,0.0,0.0,0.0,6.5,6.5,0.5,2.0,2.0,2.0,1.0,1.0,0.5,0.5,0.5
103,"DRG5,DRG11",0.0,0.0,0.0,0.0,0.0,8.0,3.5,0.0,0.0,3.5,3.5,3.5,0.0,0.0,0.0,6.5,6.5,6.5,0.5,2.0,2.0,2.0,1.0,1.0,0.5,0.5,0.5
104,"DRG5,DRG12",0.0,0.0,3.5,3.5,0.0,8.5,3.5,3.5,3.5,3.5,3.5,3.5,0.0,0.0,0.0,6.5,6.5,6.5,0.5,2.0,2.0,2.0,1.0,1.0,0.5,0.5,0.5
105,"DRG5,DRG13",0.0,0.0,3.5,3.5,0.0,4.5,3.5,3.5,3.5,3.5,3.5,3.5,0.0,0.0,0.0,0.0,0.0,6.5,0.5,2.0,2.0,2.0,1.0,1.0,0.5,0.5,0.5
106,"DRG5,DRG14",0.0,0.0,0.0,0.0,0.0,8.0,0.0,0.0,0.0,0.0,3.5,3.5,0.0,0.0,0.0,6.5,6.5,6.5,0.5,2.0,2.0,2.0,1.0,1.0,0.5,0.5,0.5
107,"DRG5,DRG15",0.0,0.0,3.5,3.5,0.0,8.5,3.5,3.5,3.5,3.5,3.5,3.5,0.0,0.0,0.0,6.5,6.5,6.5,0.5,2.0,2.0,2.0,1.0,1.0,0.5,0.5,0.5
108,"DRG5,DRG16",0.0,0.0,3.5,3.5,0.0,4.5,3.5,3.5,3.5,3.5,3.5,3.5,0.0,0.0,0.0,0.0,0.0,0.0,0.5,2.0,2.0,2.0,1.0,1.0,0.5,0.5,0.5
109,"DRG5,DRG17",0.0,0.0,0.0,0.0,0.0,8.0,0.0,0.0,0.0,0.0,0.0,3.5,0.0,0.0,0.0,6.5,6.5,6.5,0.5,2.0,2.0,2.0,1.0,1.0,0.5,0.5,0.5
110,"DRG5,DRG18",0.0,0.0,1.0,1.0,0.0,8.0,1.0,1.0,1.0,1.0,1.0,0.0,0.0,0.0,0.0,6.5,6.5,6.5,0.5,2.0,2.0,2.0,1.0,1.0,0.5,0.5,0.5
111,"DRG5,DRG19",2.0,2.0,3.5,3.5,2.0,10.5,3.5,3.5,3.5,3.5,3.5,3.5,3.5,3.5,3.5,6.5,6.5,6.5,3.5,2.0,2.0,2.0,2.0,2.0,2.0,2.0,2.0
112,"DRG5,DRG20",0.5,0.5,3.5,3.5,0.5,10.5,3.5,3.5,3.5,3.5,3.5,3.5,0.5,0.5,0.5,8.5,8.5,8.5,0.5,3.5,3.5,3.5,1.5,1.5,0.5,0.5,0.5
113,"DRG5,DRG21",0.0,0.0,1.5,1.5,0.0,10.5,1.5,1.5,1.5,1.5,1.5,1.5,0.0,0.0,0.0,6.5,6.5,6.5,0.5,0.0,0.0,2.0,1.0,1.0,0.5,0.5,0.5
114,"DRG5,DRG22",0.0,0.0,1.5,1.5,0.0,10.5,1.5,1.5,1.5,1.5,1.5,1.5,0.0,0.0,0.0,6.5,6.5,6.5,0.5,0.0,0.0,0.0,1.0,1.0,0.5,0.5,0.5
115,"DRG5,DRG23",0.0,0.0,3.5,3.5,0.0,4.5,3.5,3.5,3.5,3.5,3.5,3.5,0.0,0.0,0.0,1.5,1.5,1.5,0.5,1.0,1.0,1.0,0.0,1.0,0.5,0.5,0.5
116,"DRG5,DRG24",1.0,1.0,3.5,3.5,1.0,10.5,3.5,3.5,3.5,3.5,3.5,3.5,1.0,1.0,1.0,6.5,6.5,6.5,1.5,2.0,2.0,2.0,1.0,1.0,1.5,1.5,1.5
117,"DRG5,DRG25",0.0,0.0,2.5,2.5,0.0,8.5,2.5,2.5,2.5,2.5,2.5,2.5,0.0,0.0,0.0,5.0,5.0,5.0,0.5,1.5,1.5,1.5,1.0,1.0,0.0,0.5,0.5
118,"DRG5,DRG26",0.0,0.0,2.5,2.5,0.0,8.5,2.5,2.5,2.5,2.5,2.5,2.5,0.0,0.0,0.0,5.0,5.0,5.0,0.5,1.5,1.5,1.5,1.0,1.0,0.5,0.0,0.5
119,"DRG5,DRG27",0.5,0.5,3.5,3.5,0.5,10.5,3.5,3.5,3.5,3.5,3.5,3.5,0.5,0.5,0.5,6.5,6.5,6.5,0.5,2.0,2.0,2.0,1.5,1.5,1.0,0.5,0.5
120,"DRG6,DRG7",0.0,0.0,0.0,3.5,0.0,0.0,3.5,0.0,3.5,3.5,3.5,3.5,0.0,0.0,0.0,6.5,6.5,6.5,0.5,2.0,2.0,2.0,1.0,1.0,0.5,0.5,0.5
121,"DRG6,DRG8",8.0,8.0,8.0,8.0,8.0,8.0,0.0,0.0,0.0,0.0,3.5,3.5,0.0,0.0,0.0,6.5,6.5,6.5,0.5,2.0,2.0,2.0,1.0,1.0,0.5,0.5,0.5
122,"DRG6,DRG9",8.5,8.5,8.5,8.5,8.5,8.5,3.5,0.0,3.5,3.5,3.5,3.5,0.0,0.0,0.0,6.5,6.5,6.5,0.5,2.0,2.0,2.0,1.0,1.0,0.5,0.5,0.5
123,"DRG6,DRG10",4.5,4.5,4.5,4.5,4.5,4.5,3.5,0.0,3.5,3.5,3.5,3.5,0.0,0.0,0.0,0.0,6.5,6.5,0.5,2.0,2.0,2.0,1.0,1.0,0.5,0.5,0.5
124,"DRG6,DRG11",8.0,8.0,8.0,8.0,8.0,8.0,3.5,0.0,0.0,3.5,3.5,3.5,0.0,0.0,0.0,6.5,6.5,6.5,0.5,2.0,2.0,2.0,1.0,1.0,0.5,0.5,0.5
125,"DRG6,DRG12",8.5,8.5,8.5,8.5,8.5,8.5,3.5,0.0,3.5,3.5,3.5,3.5,0.0,0.0,0.0,6.5,6.5,6.5,0.5,2.0,2.0,2.0,1.0,1.0,0.5,0.5,0.5
126,"DRG6,DRG13",4.5,4.5,4.5,4.5,4.5,4.5,3.5,0.0,3.5,3.5,3.5,3.5,0.0,0.0,0.0,0.0,0.0,6.5,0.5,2.0,2.0,2.0,1.0,1.0,0.5,0.5,0.5
127,"DRG6,DRG14",8.0,8.0,8.0,8.0,8.0,8.0,0.0,0.0,0.0,0.0,3.5,3.5,0.0,0.0,0.0,6.5,6.5,6.5,0.5,2.0,2.0,2.0,1.0,1.0,0.5,0.5,0.5
128,"DRG6,DRG15",8.5,8.5,8.5,8.5,8.5,8.5,3.5,0.0,3.5,3.5,3.5,3.5,0.0,0.0,0.0,6.5,6.5,6.5,0.5,2.0,2.0,2.0,1.0,1.0,0.5,0.5,0.5
129,"DRG6,DRG16",4.5,4.5,4.5,4.5,4.5,4.5,3.5,0.0,3.5,3.5,3.5,3.5,0.0,0.0,0.0,0.0,0.0,0.0,0.5,2.0,2.0,2.0,1.0,1.0,0.5,0.5,0.5
130,"DRG6,DRG17",8.0,8.0,8.0,8.0,8.0,8.0,0.0,0.0,0.0,0.0,0.0,3.5,0.0,0.0,0.0,6.5,6.5,6.5,0.5,2.0,2.0,2.0,1.0,1.0,0.5,0.5,0.5
131,"DRG6,DRG18",8.0,8.0,8.0,8.0,8.0,8.0,1.0,0.0,1.0,1.0,1.0,0.0,0.0,0.0,0.0,6.5,6.5,6.5,0.5,2.0,2.0,2.0,1.0,1.0,0.5,0.5,0.5
132,"DRG6,DRG19",10.5,10.5,10.5,10.5,10.5,10.5,3.5,2.0,3.5,3.5,3.5,3.5,3.5,3.5,3.5,6.5,6.5,6.5,3.5,2.0,2.0,2.0,2.0,2.0,2.0,2.0,2.0
133,"DRG6,DRG20",10.5,10.5,10.5,10.5,10.5,10.5,3.5,0.5,3.5,3.5,3.5,3.5,0.5,0.5,0.5,8.5,8.5,8.5,0.5,3.5,3.5,3.5,1.5,1.5,0.5,0.5,0.5
134,"DRG6,DRG21",10.5,10.5,10.5,10.5,10.5,10.5,1.5,0.0,1.5,1.5,1.5,1.5,0.0,0.0,0.0,6.5,6.5,6.5,0.5,0.0,0.0,2.0,1.0,1.0,0.5,0.5,0.5
135,"DRG6,DRG22",10.5,10.5,10.5,10.5,10.5,10.5,1.5,0.0,1.5,1.5,1.5,1.5,0.0,0.0,0.0,6.5,6.5,6.5,0.5,0.0,0.0,0.0,1.0,1.0,0.5,0.5,0.5
136,"DRG6,DRG23",4.5,4.5,4.5,4.5,4.5,4.5,3.5,0.0,3.5,3.5,3.5,3.5,0.0,0.0,0.0,1.5,1.5,1.5,0.5,1.0,1.0,1.0,0.0,1.0,0.5,0.5,0.5
137,"DRG6,DRG24",10.5,10.5,10.5,10.5,10.5,10.5,3.5,1.0,3.5,3.5,3.5,3.5,1.0,1.0,1.0,6.5,6.5,6.5,1.5,2.0,2.0,2.0,1.0,1.0,1.5,1.5,1.5
138,"DRG6,DRG25",8.5,8.5,8.5,8.5,8.5,8.5,2.5,0.0,2.5,2.5,2.5,2.5,0.0,0.0,0.0,5.0,5.0,5.0,0.5,1.5,1.5,1.5,1.0,1.0,0.0,0.5,0.5
139,"DRG6,DRG26",8.5,8.5,8.5,8.5,8.5,8.5,2.5,0.0,2.5,2.5,2.5,2.5,0.0,0.0,0.0,5.0,5.0,5.0,0.5,1.5,1.5,1.5,1.0,1.0,0.5,0.0,0.5
140,"DRG6,DRG27",10.5,10.5,10.5,10.5,10.5,10.5,3.5,0.5,3.5,3.5,3.5,3.5,0.5,0.5,0.5,6.5,6.5,6.5,0.5,2.0,2.0,2.0,1.5,1.5,1.0,0.5,0.5
141,"DRG7,DRG8",0.0,0.0,0.0,0.0,0.0,0.0,0.0,0.0,0.0,0.0,3.5,3.5,0.0,0.0,0.0,6.5,6.5,6.5,0.5,2.0,2.0,2.0,1.0,1.0,0.5,0.5,0.5
142,"DRG7,DRG9",0.0,0.0,3.5,3.5,0.0,0.0,3.5,3.5,3.5,3.5,3.5,3.5,0.0,0.0,0.0,6.5,6.5,6.5,0.5,2.0,2.0,2.0,1.0,1.0,0.5,0.5,0.5
143,"DRG7,DRG10",0.0,0.0,3.5,3.5,0.0,0.0,3.5,3.5,3.5,3.5,3.5,3.5,0.0,0.0,0.0,0.0,6.5,6.5,0.5,2.0,2.0,2.0,1.0,1.0,0.5,0.5,0.5
144,"DRG7,DRG11",0.0,0.0,0.0,0.0,0.0,0.0,3.5,0.0,0.0,3.5,3.5,3.5,0.0,0.0,0.0,6.5,6.5,6.5,0.5,2.0,2.0,2.0,1.0,1.0,0.5,0.5,0.5
145,"DRG7,DRG12",0.0,0.0,3.5,3.5,0.0,0.0,3.5,3.5,3.5,3.5,3.5,3.5,0.0,0.0,0.0,6.5,6.5,6.5,0.5,2.0,2.0,2.0,1.0,1.0,0.5,0.5,0.5
146,"DRG7,DRG13",0.0,0.0,3.5,3.5,0.0,0.0,3.5,3.5,3.5,3.5,3.5,3.5,0.0,0.0,0.0,0.0,0.0,6.5,0.5,2.0,2.0,2.0,1.0,1.0,0.5,0.5,0.5
147,"DRG7,DRG14",0.0,0.0,0.0,0.0,0.0,0.0,0.0,0.0,0.0,0.0,3.5,3.5,0.0,0.0,0.0,6.5,6.5,6.5,0.5,2.0,2.0,2.0,1.0,1.0,0.5,0.5,0.5
148,"DRG7,DRG15",0.0,0.0,3.5,3.5,0.0,0.0,3.5,3.5,3.5,3.5,3.5,3.5,0.0,0.0,0.0,6.5,6.5,6.5,0.5,2.0,2.0,2.0,1.0,1.0,0.5,0.5,0.5
149,"DRG7,DRG16",0.0,0.0,3.5,3.5,0.0,0.0,3.5,3.5,3.5,3.5,3.5,3.5,0.0,0.0,0.0,0.0,0.0,0.0,0.5,2.0,2.0,2.0,1.0,1.0,0.5,0.5,0.5
150,"DRG7,DRG17",0.0,0.0,0.0,0.0,0.0,0.0,0.0,0.0,0.0,0.0,0.0,3.5,0.0,0.0,0.0,6.5,6.5,6.5,0.5,2.0,2.0,2.0,1.0,1.0,0.5,0.5,0.5
151,"DRG7,DRG18",0.0,0.0,1.0,1.0,0.0,0.0,1.0,1.0,1.0,1.0,1.0,0.0,0.0,0.0,0.0,6.5,6.5,6.5,0.5,2.0,2.0,2.0,1.0,1.0,0.5,0.5,0.5
152,"DRG7,DRG19",2.0,2.0,3.5,3.5,2.0,2.0,3.5,3.5,3.5,3.5,3.5,3.5,3.5,3.5,3.5,6.5,6.5,6.5,3.5,2.0,2.0,2.0,2.0,2.0,2.0,2.0,2.0
153,"DRG7,DRG20",0.5,0.5,3.5,3.5,0.5,0.5,3.5,3.5,3.5,3.5,3.5,3.5,0.5,0.5,0.5,8.5,8.5,8.5,0.5,3.5,3.5,3.5,1.5,1.5,0.5,0.5,0.5
154,"DRG7,DRG21",0.0,0.0,1.5,1.5,0.0,0.0,1.5,1.5,1.5,1.5,1.5,1.5,0.0,0.0,0.0,6.5,6.5,6.5,0.5,0.0,0.0,2.0,1.0,1.0,0.5,0.5,0.5
155,"DRG7,DRG22",0.0,0.0,1.5,1.5,0.0,0.0,1.5,1.5,1.5,1.5,1.5,1.5,0.0,0.0,0.0,6.5,6.5,6.5,0.5,0.0,0.0,0.0,1.0,1.0,0.5,0.5,0.5
156,"DRG7,DRG23",0.0,0.0,3.5,3.5,0.0,0.0,3.5,3.5,3.5,3.5,3.5,3.5,0.0,0.0,0.0,1.5,1.5,1.5,0.5,1.0,1.0,1.0,0.0,1.0,0.5,0.5,0.5
157,"DRG7,DRG24",1.0,1.0,3.5,3.5,1.0,1.0,3.5,3.5,3.5,3.5,3.5,3.5,1.0,1.0,1.0,6.5,6.5,6.5,1.5,2.0,2.0,2.0,1.0,1.0,1.5,1.5,1.5
158,"DRG7,DRG25",0.0,0.0,2.5,2.5,0.0,0.0,2.5,2.5,2.5,2.5,2.5,2.5,0.0,0.0,0.0,5.0,5.0,5.0,0.5,1.5,1.5,1.5,1.0,1.0,0.0,0.5,0.5
159,"DRG7,DRG26",0.0,0.0,2.5,2.5,0.0,0.0,2.5,2.5,2.5,2.5,2.5,2.5,0.0,0.0,0.0,5.0,5.0,5.0,0.5,1.5,1.5,1.5,1.0,1.0,0.5,0.0,0.5
160,"DRG7,DRG27",0.5,0.5,3.5,3.5,0.5,0.5,3.5,3.5,3.5,3.5,3.5,3.5,0.5,0.5,0.5,6.5,6.5,6.5,0.5,2.0,2.0,2.0,1.5,1.5,1.0,0.5,0.5
161,"DRG8,DRG9",6.5,6.5,6.5,6.5,6.5,6.5,0.0,0.0,0.0,0.0,3.5,3.5,0.0,0.0,0.0,6.5,6.5,6.5,0.5,2.0,2.0,2.0,1.0,1.0,0.5,0.5,0.5
162,"DRG8,DRG10",0.0,0.0,0.0,0.0,0.0,0.0,0.0,0.0,0.0,0.0,3.5,3.5,0.0,0.0,0.0,0.0,6.5,6.5,0.5,2.0,2.0,2.0,1.0,1.0,0.5,0.5,0.5
163,"DRG8,DRG11",8.0,8.0,8.0,8.0,8.0,8.0,0.0,0.0,0.0,0.0,3.5,3.5,0.0,0.0,0.0,6.5,6.5,6.5,0.5,2.0,2.0,2.0,1.0,1.0,0.5,0.5,0.5
164,"DRG8,DRG12",6.5,6.5,6.5,6.5,6.5,6.5,0.0,0.0,0.0,0.0,3.5,3.5,0.0,0.0,0.0,6.5,6.5,6.5,0.5,2.0,2.0,2.0,1.0,1.0,0.5,0.5,0.5
165,"DRG8,DRG13",0.0,0.0,0.0,0.0,0.0,0.0,0.0,0.0,0.0,0.0,3.5,3.5,0.0,0.0,0.0,0.0,0.0,6.5,0.5,2.0,2.0,2.0,1.0,1.0,0.5,0.5,0.5
166,"DRG8,DRG14",8.0,8.0,8.0,8.0,8.0,8.0,0.0,0.0,0.0,0.0,3.5,3.5,0.0,0.0,0.0,6.5,6.5,6.5,0.5,2.0,2.0,2.0,1.0,1.0,0.5,0.5,0.5
167,"DRG8,DRG15",6.5,6.5,6.5,6.5,6.5,6.5,0.0,0.0,0.0,0.0,3.5,3.5,0.0,0.0,0.0,6.5,6.5,6.5,0.5,2.0,2.0,2.0,1.0,1.0,0.5,0.5,0.5
168,"DRG8,DRG16",0.0,0.0,0.0,0.0,0.0,0.0,0.0,0.0,0.0,0.0,3.5,3.5,0.0,0.0,0.0,0.0,0.0,0.0,0.5,2.0,2.0,2.0,1.0,1.0,0.5,0.5,0.5
169,"DRG8,DRG17",8.0,8.0,8.0,8.0,8.0,8.0,0.0,0.0,0.0,0.0,0.0,3.5,0.0,0.0,0.0,6.5,6.5,6.5,0.5,2.0,2.0,2.0,1.0,1.0,0.5,0.5,0.5
170,"DRG8,DRG18",8.0,8.0,8.0,8.0,8.0,8.0,0.0,0.0,0.0,0.0,1.0,0.0,0.0,0.0,0.0,6.5,6.5,6.5,0.5,2.0,2.0,2.0,1.0,1.0,0.5,0.5,0.5
171,"DRG8,DRG19",8.0,8.0,8.0,8.0,8.0,8.0,2.0,2.0,2.0,2.0,3.5,3.5,3.5,3.5,3.5,6.5,6.5,6.5,3.5,2.0,2.0,2.0,2.0,2.0,2.0,2.0,2.0
172,"DRG8,DRG20",10.5,10.5,10.5,10.5,10.5,10.5,0.5,0.5,0.5,0.5,3.5,3.5,0.5,0.5,0.5,8.5,8.5,8.5,0.5,3.5,3.5,3.5,1.5,1.5,0.5,0.5,0.5
173,"DRG8,DRG21",8.0,8.0,8.0,8.0,8.0,8.0,0.0,0.0,0.0,0.0,1.5,1.5,0.0,0.0,0.0,6.5,6.5,6.5,0.5,0.0,0.0,2.0,1.0,1.0,0.5,0.5,0.5
174,"DRG8,DRG22",8.0,8.0,8.0,8.0,8.0,8.0,0.0,0.0,0.0,0.0,1.5,1.5,0.0,0.0,0.0,6.5,6.5,6.5,0.5,0.0,0.0,0.0,1.0,1.0,0.5,0.5,0.5
175,"DRG8,DRG23",1.5,1.5,1.5,1.5,1.5,1.5,0.0,0.0,0.0,0.0,3.5,3.5,0.0,0.0,0.0,1.5,1.5,1.5,0.5,1.0,1.0,1.0,0.0,1.0,0.5,0.5,0.5
176,"DRG8,DRG24",8.0,8.0,8.0,8.0,8.0,8.0,1.0,1.0,1.0,1.0,3.5,3.5,1.0,1.0,1.0,6.5,6.5,6.5,1.5,2.0,2.0,2.0,1.0,1.0,1.5,1.5,1.5
177,"DRG8,DRG25",6.5,6.5,6.5,6.5,6.5,6.5,0.0,0.0,0.0,0.0,2.5,2.5,0.0,0.0,0.0,5.0,5.0,5.0,0.5,1.5,1.5,1.5,1.0,1.0,0.0,0.5,0.5
178,"DRG8,DRG26",6.5,6.5,6.5,6.5,6.5,6.5,0.0,0.0,0.0,0.0,2.5,2.5,0.0,0.0,0.0,5.0,5.0,5.0,0.5,1.5,1.5,1.5,1.0,1.0,0.5,0.0,0.5
179,"DRG8,DRG27",8.0,8.0,8.0,8.0,8.0,8.0,0.5,0.5,0.5,0.5,3.5,3.5,0.5,0.5,0.5,6.5,6.5,6.5,0.5,2.0,2.0,2.0,1.5,1.5,1.0,0.5,0.5
180,"DRG9,DRG10",3.5,3.5,3.5,3.5,3.5,3.5,3.5,3.5,3.5,3.5,3.5,3.5,0.0,0.0,0.0,0.0,6.5,6.5,0.5,2.0,2.0,2.0,1.0,1.0,0.5,0.5,0.5
181,"DRG9,DRG11",6.5,6.5,6.5,6.5,6.5,6.5,3.5,0.0,0.0,3.5,3.5,3.5,0.0,0.0,0.0,6.5,6.5,6.5,0.5,2.0,2.0,2.0,1.0,1.0,0.5,0.5,0.5
182,"DRG9,DRG12",8.5,8.5,8.5,8.5,8.5,8.5,3.5,3.5,3.5,3.5,3.5,3.5,0.0,0.0,0.0,6.5,6.5,6.5,0.5,2.0,2.0,2.0,1.0,1.0,0.5,0.5,0.5
183,"DRG9,DRG13",3.5,3.5,3.5,3.5,3.5,3.5,3.5,3.5,3.5,3.5,3.5,3.5,0.0,0.0,0.0,0.0,0.0,6.5,0.5,2.0,2.0,2.0,1.0,1.0,0.5,0.5,0.5
184,"DRG9,DRG14",6.5,6.5,6.5,6.5,6.5,6.5,0.0,0.0,0.0,0.0,3.5,3.5,0.0,0.0,0.0,6.5,6.5,6.5,0.5,2.0,2.0,2.0,1.0,1.0,0.5,0.5,0.5
185,"DRG9,DRG15",8.5,8.5,8.5,8.5,8.5,8.5,3.5,3.5,3.5,3.5,3.5,3.5,0.0,0.0,0.0,6.5,6.5,6.5,0.5,2.0,2.0,2.0,1.0,1.0,0.5,0.5,0.5
186,"DRG9,DRG16",3.5,3.5,3.5,3.5,3.5,3.5,3.5,3.5,3.5,3.5,3.5,3.5,0.0,0.0,0.0,0.0,0.0,0.0,0.5,2.0,2.0,2.0,1.0,1.0,0.5,0.5,0.5
187,"DRG9,DRG17",6.5,6.5,6.5,6.5,6.5,6.5,0.0,0.0,0.0,0.0,0.0,3.5,0.0,0.0,0.0,6.5,6.5,6.5,0.5,2.0,2.0,2.0,1.0,1.0,0.5,0.5,0.5
188,"DRG9,DRG18",6.5,6.5,6.5,6.5,6.5,6.5,1.0,1.0,1.0,1.0,1.0,0.0,0.0,0.0,0.0,6.5,6.5,6.5,0.5,2.0,2.0,2.0,1.0,1.0,0.5,0.5,0.5
189,"DRG9,DRG19",8.5,8.5,8.5,8.5,8.5,8.5,3.5,3.5,3.5,3.5,3.5,3.5,2.0,3.5,3.5,6.5,6.5,6.5,3.5,2.0,2.0,2.0,2.0,2.0,2.0,2.0,2.0
190,"DRG9,DRG20",8.5,8.5,8.5,8.5,8.5,8.5,3.5,3.5,3.5,3.5,3.5,3.5,0.5,0.5,0.5,8.5,8.5,8.5,0.5,3.5,3.5,3.5,1.5,1.5,0.5,0.5,0.5
191,"DRG9,DRG21",8.5,8.5,8.5,8.5,8.5,8.5,1.5,1.5,1.5,1.5,1.5,1.5,0.0,0.0,0.0,6.5,6.5,6.5,0.5,0.0,0.0,2.0,1.0,1.0,0.5,0.5,0.5
192,"DRG9,DRG22",8.5,8.5,8.5,8.5,8.5,8.5,1.5,1.5,1.5,1.5,1.5,1.5,0.0,0.0,0.0,6.5,6.5,6.5,0.5,0.0,0.0,0.0,1.0,1.0,0.5,0.5,0.5
193,"DRG9,DRG23",4.5,4.5,4.5,4.5,4.5,4.5,3.5,3.5,3.5,3.5,3.5,3.5,0.0,0.0,0.0,1.5,1.5,1.5,0.5,1.0,1.0,1.0,0.0,1.0,0.5,0.5,0.5
194,"DRG9,DRG24",8.5,8.5,8.5,8.5,8.5,8.5,3.5,3.5,3.5,3.5,3.5,3.5,1.0,1.0,1.0,6.5,6.5,6.5,1.5,2.0,2.0,2.0,1.0,1.0,1.5,1.5,1.5
195,"DRG9,DRG25",6.5,6.5,6.5,6.5,6.5,6.5,2.5,2.5,2.5,2.5,2.5,2.5,0.0,0.0,0.0,5.0,5.0,5.0,0.5,1.5,1.5,1.5,1.0,1.0,0.0,0.5,0.5
196,"DRG9,DRG26",6.5,6.5,6.5,6.5,6.5,6.5,2.5,2.5,2.5,2.5,2.5,2.5,0.0,0.0,0.0,5.0,5.0,5.0,0.5,1.5,1.5,1.5,1.0,1.0,0.5,0.0,0.5
197,"DRG9,DRG27",8.5,8.5,8.5,8.5,8.5,8.5,3.5,3.5,3.5,3.5,3.5,3.5,0.5,0.5,0.5,6.5,6.5,6.5,0.5,2.0,2.0,2.0,1.5,1.5,1.0,0.5,0.5
198,"DRG10,DRG11",0.0,0.0,0.0,0.0,0.0,0.0,3.5,0.0,0.0,3.5,3.5,3.5,0.0,0.0,0.0,0.0,6.5,6.5,0.5,2.0,2.0,2.0,1.0,1.0,0.5,0.5,0.5
199,"DRG10,DRG12",3.5,3.5,3.5,3.5,3.5,3.5,3.5,3.5,3.5,3.5,3.5,3.5,0.0,0.0,0.0,0.0,6.5,6.5,0.5,2.0,2.0,2.0,1.0,1.0,0.5,0.5,0.5
200,"DRG10,DRG13",4.5,4.5,4.5,4.5,4.5,4.5,3.5,3.5,3.5,3.5,3.5,3.5,0.0,0.0,0.0,0.0,0.0,6.5,0.5,2.0,2.0,2.0,1.0,1.0,0.5,0.5,0.5
201,"DRG10,DRG14",0.0,0.0,0.0,0.0,0.0,0.0,0.0,0.0,0.0,0.0,3.5,3.5,0.0,0.0,0.0,0.0,6.5,6.5,0.5,2.0,2.0,2.0,1.0,1.0,0.5,0.5,0.5
202,"DRG10,DRG15",3.5,3.5,3.5,3.5,3.5,3.5,3.5,3.5,3.5,3.5,3.5,3.5,0.0,0.0,0.0,0.0,6.5,6.5,0.5,2.0,2.0,2.0,1.0,1.0,0.5,0.5,0.5
203,"DRG10,DRG16",4.5,4.5,4.5,4.5,4.5,4.5,3.5,3.5,3.5,3.5,3.5,3.5,0.0,0.0,0.0,0.0,0.0,0.0,0.5,2.0,2.0,2.0,1.0,1.0,0.5,0.5,0.5
204,"DRG10,DRG17",0.0,0.0,0.0,0.0,0.0,0.0,0.0,0.0,0.0,0.0,0.0,3.5,0.0,0.0,0.0,0.0,6.5,6.5,0.5,2.0,2.0,2.0,1.0,1.0,0.5,0.5,0.5
205,"DRG10,DRG18",1.5,1.5,1.5,1.5,1.5,1.5,1.0,1.0,1.0,1.0,1.0,0.0,0.0,0.0,0.0,0.0,6.5,6.5,0.5,2.0,2.0,2.0,1.0,1.0,0.5,0.5,0.5
206,"DRG10,DRG19",4.5,4.5,4.5,4.5,4.5,4.5,3.5,3.5,3.5,3.5,3.5,3.5,3.5,3.5,3.5,2.0,6.5,6.5,3.5,2.0,2.0,2.0,2.0,2.0,2.0,2.0,2.0
207,"DRG10,DRG20",4.5,4.5,4.5,4.5,4.5,4.5,3.5,3.5,3.5,3.5,3.5,3.5,0.5,0.5,0.5,0.5,8.5,8.5,0.5,3.5,3.5,3.5,1.5,1.5,0.5,0.5,0.5
208,"DRG10,DRG21",2.5,2.5,2.5,2.5,2.5,2.5,1.5,1.5,1.5,1.5,1.5,1.5,0.0,0.0,0.0,0.0,6.5,6.5,0.5,0.0,0.0,2.0,1.0,1.0,0.5,0.5,0.5
209,"DRG10,DRG22",2.5,2.5,2.5,2.5,2.5,2.5,1.5,1.5,1.5,1.5,1.5,1.5,0.0,0.0,0.0,0.0,6.5,6.5,0.5,0.0,0.0,0.0,1.0,1.0,0.5,0.5,0.5
210,"DRG10,DRG23",3.5,3.5,3.5,3.5,3.5,3.5,3.5,3.5,3.5,3.5,3.5,3.5,0.0,0.0,0.0,0.0,1.5,1.5,0.5,1.0,1.0,1.0,0.0,1.0,0.5,0.5,0.5
211,"DRG10,DRG24",4.5,4.5,4.5,4.5,4.5,4.5,3.5,3.5,3.5,3.5,3.5,3.5,1.0,1.0,1.0,1.0,6.5,6.5,1.5,2.0,2.0,2.0,1.0,1.0,1.5,1.5,1.5
212,"DRG10,DRG25",3.5,3.5,3.5,3.5,3.5,3.5,2.5,2.5,2.5,2.5,2.5,2.5,0.0,0.0,0.0,0.0,5.0,5.0,0.5,1.5,1.5,1.5,1.0,1.0,0.0,0.5,0.5
213,"DRG10,DRG26",3.5,3.5,3.5,3.5,3.5,3.5,2.5,2.5,2.5,2.5,2.5,2.5,0.0,0.0,0.0,0.0,5.0,5.0,0.5,1.5,1.5,1.5,1.0,1.0,0.5,0.0,0.5
214,"DRG10,DRG27",4.5,4.5,4.5,4.5,4.5,4.5,3.5,3.5,3.5,3.5,3.5,3.5,0.5,0.5,0.5,0.5,6.5,6.5,0.5,2.0,2.0,2.0,1.5,1.5,1.0,0.5,0.5
215,"DRG11,DRG12",6.5,6.5,6.5,6.5,6.5,6.5,3.5,0.0,0.0,3.5,3.5,3.5,0.0,0.0,0.0,6.5,6.5,6.5,0.5,2.0,2.0,2.0,1.0,1.0,0.5,0.5,0.5
216,"DRG11,DRG13",0.0,0.0,0.0,0.0,0.0,0.0,3.5,0.0,0.0,3.5,3.5,3.5,0.0,0.0,0.0,0.0,0.0,6.5,0.5,2.0,2.0,2.0,1.0,1.0,0.5,0.5,0.5
217,"DRG11,DRG14",8.0,8.0,8.0,8.0,8.0,8.0,0.0,0.0,0.0,0.0,3.5,3.5,0.0,0.0,0.0,6.5,6.5,6.5,0.5,2.0,2.0,2.0,1.0,1.0,0.5,0.5,0.5
218,"DRG11,DRG15",6.5,6.5,6.5,6.5,6.5,6.5,3.5,0.0,0.0,3.5,3.5,3.5,0.0,0.0,0.0,6.5,6.5,6.5,0.5,2.0,2.0,2.0,1.0,1.0,0.5,0.5,0.5
219,"DRG11,DRG16",0.0,0.0,0.0,0.0,0.0,0.0,3.5,0.0,0.0,3.5,3.5,3.5,0.0,0.0,0.0,0.0,0.0,0.0,0.5,2.0,2.0,2.0,1.0,1.0,0.5,0.5,0.5
220,"DRG11,DRG17",8.0,8.0,8.0,8.0,8.0,8.0,0.0,0.0,0.0,0.0,0.0,3.5,0.0,0.0,0.0,6.5,6.5,6.5,0.5,2.0,2.0,2.0,1.0,1.0,0.5,0.5,0.5
221,"DRG11,DRG18",8.0,8.0,8.0,8.0,8.0,8.0,1.0,0.0,0.0,1.0,1.0,0.0,0.0,0.0,0.0,6.5,6.5,6.5,0.5,2.0,2.0,2.0,1.0,1.0,0.5,0.5,0.5
222,"DRG11,DRG19",8.0,8.0,8.0,8.0,8.0,8.0,3.5,2.0,2.0,3.5,3.5,3.5,3.5,3.5,3.5,6.5,6.5,6.5,3.5,2.0,2.0,2.0,2.0,2.0,2.0,2.0,2.0
223,"DRG11,DRG20",10.5,10.5,10.5,10.5,10.5,10.5,3.5,0.5,0.5,3.5,3.5,3.5,0.5,0.5,0.5,8.5,8.5,8.5,0.5,3.5,3.5,3.5,1.5,1.5,0.5,0.5,0.5
224,"DRG11,DRG21",8.0,8.0,8.0,8.0,8.0,8.0,1.5,0.0,0.0,1.5,1.5,1.5,0.0,0.0,0.0,6.5,6.5,6.5,0.5,0.0,0.0,2.0,1.0,1.0,0.5,0.5,0.5
225,"DRG11,DRG22",8.0,8.0,8.0,8.0,8.0,8.0,1.5,0.0,0.0,1.5,1.5,1.5,0.0,0.0,0.0,6.5,6.5,6.5,0.5,0.0,0.0,0.0,1.0,1.0,0.5,0.5,0.5
226,"DRG11,DRG23",1.5,1.5,1.5,1.5,1.5,1.5,3.5,0.0,0.0,3.5,3.5,3.5,0.0,0.0,0.0,1.5,1.5,1.5,0.5,1.0,1.0,1.0,0.0,1.0,0.5,0.5,0.5
227,"DRG11,DRG24",8.0,8.0,8.0,8.0,8.0,8.0,3.5,1.0,1.0,3.5,3.5,3.5,1.0,1.0,1.0,6.5,6.5,6.5,1.5,2.0,2.0,2.0,1.0,1.0,1.5,1.5,1.5
228,"DRG11,DRG25",6.5,6.5,6.5,6.5,6.5,6.5,2.5,0.0,0.0,2.5,2.5,2.5,0.0,0.0,0.0,5.0,5.0,5.0,0.5,1.5,1.5,1.5,1.0,1.0,0.0,0.5,0.5
229,"DRG11,DRG26",6.5,6.5,6.5,6.5,6.5,6.5,2.5,0.0,0.0,2.5,2.5,2.5,0.0,0.0,0.0,5.0,5.0,5.0,0.5,1.5,1.5,1.5,1.0,1.0,0.5,0.0,0.5
230,"DRG11,DRG27",8.0,8.0,8.0,8.0,8.0,8.0,3.5,0.5,0.5,3.5,3.5,3.5,0.5,0.5,0.5,6.5,6.5,6.5,0.5,2.0,2.0,2.0,1.5,1.5,1.0,0.5,0.5
231,"DRG12,DRG13",3.5,3.5,3.5,3.5,3.5,3.5,3.5,3.5,3.5,3.5,3.5,3.5,0.0,0.0,0.0,0.0,0.0,6.5,0.5,2.0,2.0,2.0,1.0,1.0,0.5,0.5,0.5
232,"DRG12,DRG14",6.5,6.5,6.5,6.5,6.5,6.5,0.0,0.0,0.0,0.0,3.5,3.5,0.0,0.0,0.0,6.5,6.5,6.5,0.5,2.0,2.0,2.0,1.0,1.0,0.5,0.5,0.5
233,"DRG12,DRG15",8.5,8.5,8.5,8.5,8.5,8.5,3.5,3.5,3.5,3.5,3.5,3.5,0.0,0.0,0.0,6.5,6.5,6.5,0.5,2.0,2.0,2.0,1.0,1.0,0.5,0.5,0.5
234,"DRG12,DRG16",3.5,3.5,3.5,3.5,3.5,3.5,3.5,3.5,3.5,3.5,3.5,3.5,0.0,0.0,0.0,0.0,0.0,0.0,0.5,2.0,2.0,2.0,1.0,1.0,0.5,0.5,0.5
235,"DRG12,DRG17",6.5,6.5,6.5,6.5,6.5,6.5,0.0,0.0,0.0,0.0,0.0,3.5,0.0,0.0,0.0,6.5,6.5,6.5,0.5,2.0,2.0,2.0,1.0,1.0,0.5,0.5,0.5
236,"DRG12,DRG18",6.5,6.5,6.5,6.5,6.5,6.5,1.0,1.0,1.0,1.0,1.0,0.0,0.0,0.0,0.0,6.5,6.5,6.5,0.5,2.0,2.0,2.0,1.0,1.0,0.5,0.5,0.5
237,"DRG12,DRG19",8.5,8.5,8.5,8.5,8.5,8.5,3.5,3.5,3.5,3.5,3.5,3.5,2.0,2.0,3.5,6.5,6.5,6.5,3.5,2.0,2.0,2.0,2.0,2.0,2.0,2.0,2.0
238,"DRG12,DRG20",8.5,8.5,8.5,8.5,8.5,8.5,3.5,3.5,3.5,3.5,3.5,3.5,0.5,0.5,0.5,8.5,8.5,8.5,0.5,3.5,3.5,3.5,1.5,1.5,0.5,0.5,0.5
239,"DRG12,DRG21",8.5,8.5,8.5,8.5,8.5,8.5,1.5,1.5,1.5,1.5,1.5,1.5,0.0,0.0,0.0,6.5,6.5,6.5,0.5,0.0,0.0,2.0,1.0,1.0,0.5,0.5,0.5
240,"DRG12,DRG22",8.5,8.5,8.5,8.5,8.5,8.5,1.5,1.5,1.5,1.5,1.5,1.5,0.0,0.0,0.0,6.5,6.5,6.5,0.5,0.0,0.0,0.0,1.0,1.0,0.5,0.5,0.5
241,"DRG12,DRG23",4.5,4.5,4.5,4.5,4.5,4.5,3.5,3.5,3.5,3.5,3.5,3.5,0.0,0.0,0.0,1.5,1.5,1.5,0.5,1.0,1.0,1.0,0.0,1.0,0.5,0.5,0.5
242,"DRG12,DRG24",8.5,8.5,8.5,8.5,8.5,8.5,3.5,3.5,3.5,3.5,3.5,3.5,1.0,1.0,1.0,6.5,6.5,6.5,1.5,2.0,2.0,2.0,1.0,1.0,1.5,1.5,1.5
243,"DRG12,DRG25",6.5,6.5,6.5,6.5,6.5,6.5,2.5,2.5,2.5,2.5,2.5,2.5,0.0,0.0,0.0,5.0,5.0,5.0,0.5,1.5,1.5,1.5,1.0,1.0,0.0,0.5,0.5
244,"DRG12,DRG26",6.5,6.5,6.5,6.5,6.5,6.5,2.5,2.5,2.5,2.5,2.5,2.5,0.0,0.0,0.0,5.0,5.0,5.0,0.5,1.5,1.5,1.5,1.0,1.0,0.5,0.0,0.5
245,"DRG12,DRG27",8.5,8.5,8.5,8.5,8.5,8.5,3.5,3.5,3.5,3.5,3.5,3.5,0.5,0.5,0.5,6.5,6.5,6.5,0.5,2.0,2.0,2.0,1.5,1.5,1.0,0.5,0.5
246,"DRG13,DRG14",0.0,0.0,0.0,0.0,0.0,0.0,0.0,0.0,0.0,0.0,3.5,3.5,0.0,0.0,0.0,0.0,0.0,6.5,0.5,2.0,2.0,2.0,1.0,1.0,0.5,0.5,0.5
247,"DRG13,DRG15",3.5,3.5,3.5,3.5,3.5,3.5,3.5,3.5,3.5,3.5,3.5,3.5,0.0,0.0,0.0,0.0,0.0,6.5,0.5,2.0,2.0,2.0,1.0,1.0,0.5,0.5,0.5
248,"DRG13,DRG16",4.5,4.5,4.5,4.5,4.5,4.5,3.5,3.5,3.5,3.5,3.5,3.5,0.0,0.0,0.0,0.0,0.0,0.0,0.5,2.0,2.0,2.0,1.0,1.0,0.5,0.5,0.5
249,"DRG13,DRG17",0.0,0.0,0.0,0.0,0.0,0.0,0.0,0.0,0.0,0.0,0.0,3.5,0.0,0.0,0.0,0.0,0.0,6.5,0.5,2.0,2.0,2.0,1.0,1.0,0.5,0.5,0.5
250,"DRG13,DRG18",1.5,1.5,1.5,1.5,1.5,1.5,1.0,1.0,1.0,1.0,1.0,0.0,0.0,0.0,0.0,0.0,0.0,6.5,0.5,2.0,2.0,2.0,1.0,1.0,0.5,0.5,0.5
251,"DRG13,DRG19",4.5,4.5,4.5,4.5,4.5,4.5,3.5,3.5,3.5,3.5,3.5,3.5,3.5,3.5,3.5,2.0,2.0,6.5,3.5,2.0,2.0,2.0,2.0,2.0,2.0,2.0,2.0
252,"DRG13,DRG20",4.5,4.5,4.5,4.5,4.5,4.5,3.5,3.5,3.5,3.5,3.5,3.5,0.5,0.5,0.5,0.5,0.5,8.5,0.5,3.5,3.5,3.5,1.5,1.5,0.5,0.5,0.5
253,"DRG13,DRG21",2.5,2.5,2.5,2.5,2.5,2.5,1.5,1.5,1.5,1.5,1.5,1.5,0.0,0.0,0.0,0.0,0.0,6.5,0.5,0.0,0.0,2.0,1.0,1.0,0.5,0.5,0.5
254,"DRG13,DRG22",2.5,2.5,2.5,2.5,2.5,2.5,1.5,1.5,1.5,1.5,1.5,1.5,0.0,0.0,0.0,0.0,0.0,6.5,0.5,0.0,0.0,0.0,1.0,1.0,0.5,0.5,0.5
255,"DRG13,DRG23",3.5,3.5,3.5,3.5,3.5,3.5,3.5,3.5,3.5,3.5,3.5,3.5,0.0,0.0,0.0,0.0,0.0,1.5,0.5,1.0,1.0,1.0,0.0,1.0,0.5,0.5,0.5
256,"DRG13,DRG24",4.5,4.5,4.5,4.5,4.5,4.5,3.5,3.5,3.5,3.5,3.5,3.5,1.0,1.0,1.0,1.0,1.0,6.5,1.5,2.0,2.0,2.0,1.0,1.0,1.5,1.5,1.5
257,"DRG13,DRG25",3.5,3.5,3.5,3.5,3.5,3.5,2.5,2.5,2.5,2.5,2.5,2.5,0.0,0.0,0.0,0.0,0.0,5.0,0.5,1.5,1.5,1.5,1.0,1.0,0.0,0.5,0.5
258,"DRG13,DRG26",3.5,3.5,3.5,3.5,3.5,3.5,2.5,2.5,2.5,2.5,2.5,2.5,0.0,0.0,0.0,0.0,0.0,5.0,0.5,1.5,1.5,1.5,1.0,1.0,0.5,0.0,0.5
259,"DRG13,DRG27",4.5,4.5,4.5,4.5,4.5,4.5,3.5,3.5,3.5,3.5,3.5,3.5,0.5,0.5,0.5,0.5,0.5,6.5,0.5,2.0,2.0,2.0,1.5,1.5,1.0,0.5,0.5
260,"DRG14,DRG15",6.5,6.5,6.5,6.5,6.5,6.5,0.0,0.0,0.0,0.0,3.5,3.5,0.0,0.0,0.0,6.5,6.5,6.5,0.5,2.0,2.0,2.0,1.0,1.0,0.5,0.5,0.5
261,"DRG14,DRG16",0.0,0.0,0.0,0.0,0.0,0.0,0.0,0.0,0.0,0.0,3.5,3.5,0.0,0.0,0.0,0.0,0.0,0.0,0.5,2.0,2.0,2.0,1.0,1.0,0.5,0.5,0.5
262,"DRG14,DRG17",8.0,8.0,8.0,8.0,8.0,8.0,0.0,0.0,0.0,0.0,0.0,3.5,0.0,0.0,0.0,6.5,6.5,6.5,0.5,2.0,2.0,2.0,1.0,1.0,0.5,0.5,0.5
263,"DRG14,DRG18",8.0,8.0,8.0,8.0,8.0,8.0,0.0,0.0,0.0,0.0,1.0,0.0,0.0,0.0,0.0,6.5,6.5,6.5,0.5,2.0,2.0,2.0,1.0,1.0,0.5,0.5,0.5
264,"DRG14,DRG19",8.0,8.0,8.0,8.0,8.0,8.0,2.0,2.0,2.0,2.0,3.5,3.5,3.5,3.5,3.5,6.5,6.5,6.5,3.5,2.0,2.0,2.0,2.0,2.0,2.0,2.0,2.0
265,"DRG14,DRG20",10.5,10.5,10.5,10.5,10.5,10.5,0.5,0.5,0.5,0.5,3.5,3.5,0.5,0.5,0.5,8.5,8.5,8.5,0.5,3.5,3.5,3.5,1.5,1.5,0.5,0.5,0.5
266,"DRG14,DRG21",8.0,8.0,8.0,8.0,8.0,8.0,0.0,0.0,0.0,0.0,1.5,1.5,0.0,0.0,0.0,6.5,6.5,6.5,0.5,0.0,0.0,2.0,1.0,1.0,0.5,0.5,0.5
267,"DRG14,DRG22",8.0,8.0,8.0,8.0,8.0,8.0,0.0,0.0,0.0,0.0,1.5,1.5,0.0,0.0,0.0,6.5,6.5,6.5,0.5,0.0,0.0,0.0,1.0,1.0,0.5,0.5,0.5
268,"DRG14,DRG23",1.5,1.5,1.5,1.5,1.5,1.5,0.0,0.0,0.0,0.0,3.5,3.5,0.0,0.0,0.0,1.5,1.5,1.5,0.5,1.0,1.0,1.0,0.0,1.0,0.5,0.5,0.5
269,"DRG14,DRG24",8.0,8.0,8.0,8.0,8.0,8.0,1.0,1.0,1.0,1.0,3.5,3.5,1.0,1.0,1.0,6.5,6.5,6.5,1.5,2.0,2.0,2.0,1.0,1.0,1.5,1.5,1.5
270,"DRG14,DRG25",6.5,6.5,6.5,6.5,6.5,6.5,0.0,0.0,0.0,0.0,2.5,2.5,0.0,0.0,0.0,5.0,5.0,5.0,0.5,1.5,1.5,1.5,1.0,1.0,0.0,0.5,0.5
271,"DRG14,DRG26",6.5,6.5,6.5,6.5,6.5,6.5,0.0,0.0,0.0,0.0,2.5,2.5,0.0,0.0,0.0,5.0,5.0,5.0,0.5,1.5,1.5,1.5,1.0,1.0,0.5,0.0,0.5
272,"DRG14,DRG27",8.0,8.0,8.0,8.0,8.0,8.0,0.5,0.5,0.5,0.5,3.5,3.5,0.5,0.5,0.5,6.5,6.5,6.5,0.5,2.0,2.0,2.0,1.5,1.5,1.0,0.5,0.5
273,"DRG15,DRG16",3.5,3.5,3.5,3.5,3.5,3.5,3.5,3.5,3.5,3.5,3.5,3.5,0.0,0.0,0.0,0.0,0.0,0.0,0.5,2.0,2.0,2.0,1.0,1.0,0.5,0.5,0.5
274,"DRG15,DRG17",6.5,6.5,6.5,6.5,6.5,6.5,0.0,0.0,0.0,0.0,0.0,3.5,0.0,0.0,0.0,6.5,6.5,6.5,0.5,2.0,2.0,2.0,1.0,1.0,0.5,0.5,0.5
275,"DRG15,DRG18",6.5,6.5,6.5,6.5,6.5,6.5,1.0,1.0,1.0,1.0,1.0,0.0,0.0,0.0,0.0,6.5,6.5,6.5,0.5,2.0,2.0,2.0,1.0,1.0,0.5,0.5,0.5
276,"DRG15,DRG19",8.5,8.5,8.5,8.5,8.5,8.5,3.5,3.5,3.5,3.5,3.5,3.5,2.0,2.0,2.0,6.5,6.5,6.5,3.5,2.0,2.0,2.0,2.0,2.0,2.0,2.0,2.0
277,"DRG15,DRG20",8.5,8.5,8.5,8.5,8.5,8.5,3.5,3.5,3.5,3.5,3.5,3.5,0.5,0.5,0.5,8.5,8.5,8.5,0.5,3.5,3.5,3.5,1.5,1.5,0.5,0.5,0.5
278,"DRG15,DRG21",8.5,8.5,8.5,8.5,8.5,8.5,1.5,1.5,1.5,1.5,1.5,1.5,0.0,0.0,0.0,6.5,6.5,6.5,0.5,0.0,0.0,2.0,1.0,1.0,0.5,0.5,0.5
279,"DRG15,DRG22",8.5,8.5,8.5,8.5,8.5,8.5,1.5,1.5,1.5,1.5,1.5,1.5,0.0,0.0,0.0,6.5,6.5,6.5,0.5,0.0,0.0,0.0,1.0,1.0,0.5,0.5,0.5
280,"DRG15,DRG23",4.5,4.5,4.5,4.5,4.5,4.5,3.5,3.5,3.5,3.5,3.5,3.5,0.0,0.0,0.0,1.5,1.5,1.5,0.5,1.0,1.0,1.0,0.0,1.0,0.5,0.5,0.5
281,"DRG15,DRG24",8.5,8.5,8.5,8.5,8.5,8.5,3.5,3.5,3.5,3.5,3.5,3.5,1.0,1.0,1.0,6.5,6.5,6.5,1.5,2.0,2.0,2.0,1.0,1.0,1.5,1.5,1.5
282,"DRG15,DRG25",6.5,6.5,6.5,6.5,6.5,6.5,2.5,2.5,2.5,2.5,2.5,2.5,0.0,0.0,0.0,5.0,5.0,5.0,0.5,1.5,1.5,1.5,1.0,1.0,0.0,0.5,0.5
283,"DRG15,DRG26",6.5,6.5,6.5,6.5,6.5,6.5,2.5,2.5,2.5,2.5,2.5,2.5,0.0,0.0,0.0,5.0,5.0,5.0,0.5,1.5,1.5,1.5,1.0,1.0,0.5,0.0,0.5
284,"DRG15,DRG27",8.5,8.5,8.5,8.5,8.5,8.5,3.5,3.5,3.5,3.5,3.5,3.5,0.5,0.5,0.5,6.5,6.5,6.5,0.5,2.0,2.0,2.0,1.5,1.5,1.0,0.5,0.5
285,"DRG16,DRG17",0.0,0.0,0.0,0.0,0.0,0.0,0.0,0.0,0.0,0.0,0.0,3.5,0.0,0.0,0.0,0.0,0.0,0.0,0.5,2.0,2.0,2.0,1.0,1.0,0.5,0.5,0.5
286,"DRG16,DRG18",1.5,1.5,1.5,1.5,1.5,1.5,1.0,1.0,1.0,1.0,1.0,0.0,0.0,0.0,0.0,0.0,0.0,0.0,0.5,2.0,2.0,2.0,1.0,1.0,0.5,0.5,0.5
287,"DRG16,DRG19",4.5,4.5,4.5,4.5,4.5,4.5,3.5,3.5,3.5,3.5,3.5,3.5,3.5,3.5,3.5,2.0,2.0,2.0,3.5,2.0,2.0,2.0,2.0,2.0,2.0,2.0,2.0
288,"DRG16,DRG20",4.5,4.5,4.5,4.5,4.5,4.5,3.5,3.5,3.5,3.5,3.5,3.5,0.5,0.5,0.5,0.5,0.5,0.5,0.5,3.5,3.5,3.5,1.5,1.5,0.5,0.5,0.5
289,"DRG16,DRG21",2.5,2.5,2.5,2.5,2.5,2.5,1.5,1.5,1.5,1.5,1.5,1.5,0.0,0.0,0.0,0.0,0.0,0.0,0.5,0.0,0.0,2.0,1.0,1.0,0.5,0.5,0.5
290,"DRG16,DRG22",2.5,2.5,2.5,2.5,2.5,2.5,1.5,1.5,1.5,1.5,1.5,1.5,0.0,0.0,0.0,0.0,0.0,0.0,0.5,0.0,0.0,0.0,1.0,1.0,0.5,0.5,0.5
291,"DRG16,DRG23",3.5,3.5,3.5,3.5,3.5,3.5,3.5,3.5,3.5,3.5,3.5,3.5,0.0,0.0,0.0,0.0,0.0,0.0,0.5,1.0,1.0,1.0,0.0,1.0,0.5,0.5,0.5
292,"DRG16,DRG24",4.5,4.5,4.5,4.5,4.5,4.5,3.5,3.5,3.5,3.5,3.5,3.5,1.0,1.0,1.0,1.0,1.0,1.0,1.5,2.0,2.0,2.0,1.0,1.0,1.5,1.5,1.5
293,"DRG16,DRG25",3.5,3.5,3.5,3.5,3.5,3.5,2.5,2.5,2.5,2.5,2.5,2.5,0.0,0.0,0.0,0.0,0.0,0.0,0.5,1.5,1.5,1.5,1.0,1.0,0.0,0.5,0.5
294,"DRG16,DRG26",3.5,3.5,3.5,3.5,3.5,3.5,2.5,2.5,2.5,2.5,2.5,2.5,0.0,0.0,0.0,0.0,0.0,0.0,0.5,1.5,1.5,1.5,1.0,1.0,0.5,0.0,0.5
295,"DRG16,DRG27",4.5,4.5,4.5,4.5,4.5,4.5,3.5,3.5,3.5,3.5,3.5,3.5,0.5,0.5,0.5,0.5,0.5,0.5,0.5,2.0,2.0,2.0,1.5,1.5,1.0,0.5,0.5
296,"DRG17,DRG18",8.0,8.0,8.0,8.0,8.0,8.0,0.0,0.0,0.0,0.0,0.0,0.0,0.0,0.0,0.0,6.5,6.5,6.5,0.5,2.0,2.0,2.0,1.0,1.0,0.5,0.5,0.5
297,"DRG17,DRG19",8.0,8.0,8.0,8.0,8.0,8.0,2.0,2.0,2.0,2.0,2.0,3.5,3.5,3.5,3.5,6.5,6.5,6.5,3.5,2.0,2.0,2.0,2.0,2.0,2.0,2.0,2.0
298,"DRG17,DRG20",10.5,10.5,10.5,10.5,10.5,10.5,0.5,0.5,0.5,0.5,0.5,3.5,0.5,0.5,0.5,8.5,8.5,8.5,0.5,3.5,3.5,3.5,1.5,1.5,0.5,0.5,0.5
299,"DRG17,DRG21",8.0,8.0,8.0,8.0,8.0,8.0,0.0,0.0,0.0,0.0,0.0,1.5,0.0,0.0,0.0,6.5,6.5,6.5,0.5,0.0,0.0,2.0,1.0,1.0,0.5,0.5,0.5
300,"DRG17,DRG22",8.0,8.0,8.0,8.0,8.0,8.0,0.0,0.0,0.0,0.0,0.0,1.5,0.0,0.0,0.0,6.5,6.5,6.5,0.5,0.0,0.0,0.0,1.0,1.0,0.5,0.5,0.5
301,"DRG17,DRG23",1.5,1.5,1.5,1.5,1.5,1.5,0.0,0.0,0.0,0.0,0.0,3.5,0.0,0.0,0.0,1.5,1.5,1.5,0.5,1.0,1.0,1.0,0.0,1.0,0.5,0.5,0.5
302,"DRG17,DRG24",8.0,8.0,8.0,8.0,8.0,8.0,1.0,1.0,1.0,1.0,1.0,3.5,1.0,1.0,1.0,6.5,6.5,6.5,1.5,2.0,2.0,2.0,1.0,1.0,1.5,1.5,1.5
303,"DRG17,DRG25",6.5,6.5,6.5,6.5,6.5,6.5,0.0,0.0,0.0,0.0,0.0,2.5,0.0,0.0,0.0,5.0,5.0,5.0,0.5,1.5,1.5,1.5,1.0,1.0,0.0,0.5,0.5
304,"DRG17,DRG26",6.5,6.5,6.5,6.5,6.5,6.5,0.0,0.0,0.0,0.0,0.0,2.5,0.0,0.0,0.0,5.0,5.0,5.0,0.5,1.5,1.5,1.5,1.0,1.0,0.5,0.0,0.5
305,"DRG17,DRG27",8.0,8.0,8.0,8.0,8.0,8.0,0.5,0.5,0.5,0.5,0.5,3.5,0.5,0.5,0.5,6.5,6.5,6.5,0.5,2.0,2.0,2.0,1.5,1.5,1.0,0.5,0.5
306,"DRG18,DRG19",8.0,8.0,8.0,8.0,8.0,8.0,2.0,2.0,2.0,2.0,2.0,2.0,3.5,3.5,3.5,6.5,6.5,6.5,3.5,2.0,2.0,2.0,2.0,2.0,2.0,2.0,2.0
307,"DRG18,DRG20",10.5,10.5,10.5,10.5,10.5,10.5,1.5,1.5,1.5,1.5,1.5,0.5,0.5,0.5,0.5,8.5,8.5,8.5,0.5,3.5,3.5,3.5,1.5,1.5,0.5,0.5,0.5
308,"DRG18,DRG21",8.0,8.0,8.0,8.0,8.0,8.0,1.0,1.0,1.0,1.0,1.0,0.0,0.0,0.0,0.0,6.5,6.5,6.5,0.5,0.0,0.0,2.0,1.0,1.0,0.5,0.5,0.5
309,"DRG18,DRG22",8.0,8.0,8.0,8.0,8.0,8.0,1.0,1.0,1.0,1.0,1.0,0.0,0.0,0.0,0.0,6.5,6.5,6.5,0.5,0.0,0.0,0.0,1.0,1.0,0.5,0.5,0.5
310,"DRG18,DRG23",1.5,1.5,1.5,1.5,1.5,1.5,0.0,0.0,0.0,0.0,0.0,0.0,0.0,0.0,0.0,1.5,1.5,1.5,0.5,1.0,1.0,1.0,0.0,1.0,0.5,0.5,0.5
311,"DRG18,DRG24",8.0,8.0,8.0,8.0,8.0,8.0,1.0,1.0,1.0,1.0,1.0,1.0,1.0,1.0,1.0,6.5,6.5,6.5,1.5,2.0,2.0,2.0,1.0,1.0,1.5,1.5,1.5
312,"DRG18,DRG25",6.5,6.5,6.5,6.5,6.5,6.5,1.0,1.0,1.0,1.0,1.0,0.0,0.0,0.0,0.0,5.0,5.0,5.0,0.5,1.5,1.5,1.5,1.0,1.0,0.0,0.5,0.5
313,"DRG18,DRG26",6.5,6.5,6.5,6.5,6.5,6.5,1.0,1.0,1.0,1.0,1.0,0.0,0.0,0.0,0.0,5.0,5.0,5.0,0.5,1.5,1.5,1.5,1.0,1.0,0.5,0.0,0.5
314,"DRG18,DRG27",8.0,8.0,8.0,8.0,8.0,8.0,1.5,1.5,1.5,1.5,1.5,0.5,0.5,0.5,0.5,6.5,6.5,6.5,0.5,2.0,2.0,2.0,1.5,1.5,1.0,0.5,0.5
315,"DRG19,DRG20",10.5,10.5,10.5,10.5,10.5,10.5,3.5,3.5,3.5,3.5,3.5,3.5,4.5,4.5,4.5,8.5,8.5,8.5,3.5,3.5,3.5,3.5,3.5,3.5,3.5,3.5,3.5
316,"DRG19,DRG21",10.5,10.5,10.5,10.5,10.5,10.5,1.5,1.5,1.5,1.5,1.5,1.5,0.0,0.0,0.0,6.5,6.5,6.5,0.5,0.0,0.0,2.0,1.0,1.0,0.5,0.5,0.5
317,"DRG19,DRG22",10.5,10.5,10.5,10.5,10.5,10.5,1.5,1.5,1.5,1.5,1.5,1.5,0.0,0.0,0.0,6.5,6.5,6.5,0.5,0.0,0.0,0.0,1.0,1.0,0.5,0.5,0.5
318,"DRG19,DRG23",4.5,4.5,4.5,4.5,4.5,4.5,3.5,3.5,3.5,3.5,3.5,3.5,1.0,1.0,1.0,1.5,1.5,1.5,1.5,1.0,1.0,1.0,1.0,2.0,1.0,1.0,1.0
319,"DRG19,DRG24",10.5,10.5,10.5,10.5,10.5,10.5,3.5,3.5,3.5,3.5,3.5,3.5,3.5,3.5,3.5,6.5,6.5,6.5,3.5,2.0,2.0,2.0,2.0,2.0,2.0,2.0,2.0
320,"DRG19,DRG25",8.5,8.5,8.5,8.5,8.5,8.5,2.5,2.5,2.5,2.5,2.5,2.5,2.0,2.0,2.0,5.0,5.0,5.0,2.5,1.5,1.5,1.5,1.5,1.5,1.5,1.5,1.5
321,"DRG19,DRG26",8.5,8.5,8.5,8.5,8.5,8.5,2.5,2.5,2.5,2.5,2.5,2.5,2.0,2.0,2.0,5.0,5.0,5.0,2.5,1.5,1.5,1.5,1.5,1.5,1.5,1.5,2.0
322,"DRG19,DRG27",10.5,10.5,10.5,10.5,10.5,10.5,3.5,3.5,3.5,3.5,3.5,3.5,3.5,3.5,3.5,6.5,6.5,6.5,3.5,2.0,2.0,2.0,2.0,2.0,2.0,2.0,2.0
323,"DRG20,DRG21",10.5,10.5,10.5,10.5,10.5,10.5,1.5,1.5,1.5,1.5,1.5,1.5,0.5,0.5,0.5,8.5,8.5,8.5,0.5,0.5,0.5,3.5,1.5,1.5,0.5,0.5,0.5
324,"DRG20,DRG22",10.5,10.5,10.5,10.5,10.5,10.5,1.5,1.5,1.5,1.5,1.5,1.5,0.5,0.5,0.5,8.5,8.5,8.5,0.5,0.5,0.5,0.5,1.5,1.5,0.5,0.5,0.5
325,"DRG20,DRG23",4.5,4.5,4.5,4.5,4.5,4.5,3.5,3.5,3.5,3.5,3.5,3.5,0.5,0.5,0.5,2.5,2.5,2.5,0.5,1.5,1.5,1.5,0.5,1.5,0.5,0.5,0.5
326,"DRG20,DRG24",10.5,10.5,10.5,10.5,10.5,10.5,3.5,3.5,3.5,3.5,3.5,3.5,1.5,1.5,1.5,8.5,8.5,8.5,1.5,3.5,3.5,3.5,1.5,1.5,2.5,2.5,2.5
327,"DRG20,DRG25",8.5,8.5,8.5,8.5,8.5,8.5,2.5,2.5,2.5,2.5,2.5,2.5,0.5,0.5,0.5,6.5,6.5,6.5,0.5,2.5,2.5,2.5,1.5,1.5,0.5,0.5,0.5
328,"DRG20,DRG26",8.5,8.5,8.5,8.5,8.5,8.5,2.5,2.5,2.5,2.5,2.5,2.5,0.5,0.5,0.5,6.5,6.5,6.5,0.5,2.5,2.5,2.5,1.5,1.5,0.5,0.5,0.5
329,"DRG20,DRG27",10.5,10.5,10.5,10.5,10.5,10.5,3.5,3.5,3.5,3.5,3.5,3.5,0.5,0.5,0.5,8.5,8.5,8.5,0.5,3.5,3.5,3.5,2.5,2.5,1.5,0.5,0.5
330,"DRG21,DRG22",10.5,10.5,10.5,10.5,10.5,10.5,1.5,1.5,1.5,1.5,1.5,1.5,0.0,0.0,0.0,6.5,6.5,6.5,0.5,0.0,0.0,0.0,1.0,1.0,0.5,0.5,0.5
331,"DRG21,DRG23",4.5,4.5,4.5,4.5,4.5,4.5,1.5,1.5,1.5,1.5,1.5,1.5,0.0,0.0,0.0,1.5,1.5,1.5,0.5,0.0,0.0,1.0,0.0,1.0,0.5,0.5,0.5
332,"DRG21,DRG24",10.5,10.5,10.5,10.5,10.5,10.5,1.5,1.5,1.5,1.5,1.5,1.5,1.0,1.0,1.0,6.5,6.5,6.5,1.5,1.0,1.0,2.0,1.0,1.0,1.5,1.5,1.5
333,"DRG21,DRG25",8.5,8.5,8.5,8.5,8.5,8.5,1.5,1.5,1.5,1.5,1.5,1.5,0.0,0.0,0.0,5.0,5.0,5.0,0.5,0.0,0.0,1.5,1.0,1.0,0.0,0.5,0.5
334,"DRG21,DRG26",8.5,8.5,8.5,8.5,8.5,8.5,1.5,1.5,1.5,1.5,1.5,1.5,0.0,0.0,0.0,5.0,5.0,5.0,0.5,0.0,0.0,1.5,1.0,1.0,0.5,0.0,0.5
335,"DRG21,DRG27",10.5,10.5,10.5,10.5,10.5,10.5,2.5,2.5,2.5,2.5,2.5,2.5,0.5,0.5,0.5,6.5,6.5,6.5,0.5,0.5,0.5,2.0,1.5,1.5,1.0,0.5,0.5
336,"DRG22,DRG23",4.5,4.5,4.5,4.5,4.5,4.5,1.5,1.5,1.5,1.5,1.5,1.5,0.0,0.0,0.0,1.5,1.5,1.5,0.5,0.0,0.0,0.0,0.0,1.0,0.5,0.5,0.5
337,"DRG22,DRG24",10.5,10.5,10.5,10.5,10.5,10.5,1.5,1.5,1.5,1.5,1.5,1.5,1.0,1.0,1.0,6.5,6.5,6.5,1.5,1.0,1.0,1.0,1.0,1.0,1.5,1.5,1.5
338,"DRG22,DRG25",8.5,8.5,8.5,8.5,8.5,8.5,1.5,1.5,1.5,1.5,1.5,1.5,0.0,0.0,0.0,5.0,5.0,5.0,0.5,0.0,0.0,0.0,1.0,1.0,0.0,0.5,0.5
339,"DRG22,DRG26",8.5,8.5,8.5,8.5,8.5,8.5,1.5,1.5,1.5,1.5,1.5,1.5,0.0,0.0,0.0,5.0,5.0,5.0,0.5,0.0,0.0,0.0,1.0,1.0,0.5,0.0,0.5
340,"DRG22,DRG27",10.5,10.5,10.5,10.5,10.5,10.5,2.5,2.5,2.5,2.5,2.5,2.5,0.5,0.5,0.5,6.5,6.5,6.5,0.5,0.5,0.5,0.5,1.5,1.5,1.0,0.5,0.5
341,"DRG23,DRG24",4.5,4.5,4.5,4.5,4.5,4.5,3.5,3.5,3.5,3.5,3.5,3.5,1.0,1.0,1.0,3.5,3.5,3.5,1.5,2.0,2.0,2.0,1.0,1.0,1.5,1.5,1.5
342,"DRG23,DRG25",3.5,3.5,3.5,3.5,3.5,3.5,2.5,2.5,2.5,2.5,2.5,2.5,0.0,0.0,0.0,1.0,1.0,1.0,0.5,0.5,0.5,0.5,0.0,1.0,0.0,0.5,0.5
343,"DRG23,DRG26",3.5,3.5,3.5,3.5,3.5,3.5,2.5,2.5,2.5,2.5,2.5,2.5,0.0,0.0,0.0,1.0,1.0,1.0,0.5,0.5,0.5,0.5,0.0,1.0,0.5,0.0,0.5
344,"DRG23,DRG27",4.5,4.5,4.5,4.5,4.5,4.5,3.5,3.5,3.5,3.5,3.5,3.5,0.5,0.5,0.5,1.5,1.5,1.5,0.5,1.0,1.0,1.0,0.5,1.5,1.0,0.5,0.5
345,"DRG24,DRG25",8.5,8.5,8.5,8.5,8.5,8.5,2.5,2.5,2.5,2.5,2.5,2.5,1.0,1.0,1.0,5.0,5.0,5.0,1.5,1.5,1.5,1.5,1.0,1.0,1.0,1.5,1.5
346,"DRG24,DRG26",8.5,8.5,8.5,8.5,8.5,8.5,2.5,2.5,2.5,2.5,2.5,2.5,1.0,1.0,1.0,5.0,5.0,5.0,1.5,1.5,1.5,1.5,1.0,1.0,1.5,1.0,1.5
347,"DRG24,DRG27",10.5,10.5,10.5,10.5,10.5,10.5,3.5,3.5,3.5,3.5,3.5,3.5,1.5,1.5,1.5,6.5,6.5,6.5,2.5,2.0,2.0,2.0,1.5,1.5,2.0,1.5,1.5
348,"DRG25,DRG26",6.5,6.5,6.5,6.5,6.5,6.5,1.5,1.5,1.5,1.5,1.5,1.5,0.0,0.0,0.0,3.5,3.5,3.5,0.5,1.0,1.0,1.0,1.0,1.0,0.0,0.0,0.5
349,"DRG25,DRG27",8.5,8.5,8.5,8.5,8.5,8.5,2.5,2.5,2.5,2.5,2.5,2.5,0.5,0.5,0.5,5.0,5.0,5.0,0.5,1.5,1.5,1.5,1.5,1.5,0.5,0.5,0.5
350,"DRG26,DRG27",10.5,10.5,10.5,10.5,10.5,10.5,3.5,3.5,3.5,3.5,3.5,3.5,0.5,0.5,0.5,6.5,6.5,6.5,0.5,2.0,2.0,2.0,1.5,1.5,1.0,0.5,0.5
