,Drug Vector,1,2,3,4,5,6,7,8,9,10,11,12,13,14,15,16,17,18,19,20,21,22,23,24,25,26,27
0,0 0 0 0 0 0 0,10.5,10.5,10.5,10.5,10.5,10.5,0.0,1.5,1.5,1.5,1.5,1.5,0.0,0.0,0.0,6.5,6.5,6.5,0.5,2.0,2.0,2.0,1.0,1.0,0.5,0.5,0.5
1,0 0 0 0 0 0 1,10.5,10.5,10.5,10.5,10.5,10.5,0.0,3.5,3.5,3.5,3.5,3.5,0.0,0.0,0.0,6.5,6.5,6.5,0.5,0.0,2.0,2.0,1.0,1.0,0.5,0.5,0.5
2,0 0 0 0 0 1 0,10.5,10.5,10.5,10.5,10.5,10.5,0.0,1.5,1.5,1.5,1.5,1.5,0.0,0.0,0.0,6.5,6.5,6.5,0.5,0.0,0.0,0.0,1.0,1.0,0.5,0.5,0.5
3,0 0 0 0 0 1 1,10.5,10.5,10.5,10.5,10.5,10.5,0.0,1.5,1.5,1.5,1.5,1.5,0.0,0.0,0.0,6.5,6.5,6.5,0.5,0.0,0.0,0.0,1.0,1.0,0.5,0.5,0.5
4,0 0 0 0 1 0 0,8.0,8.0,8.0,8.0,8.0,8.0,0.0,0.0,0.0,1.5,1.5,1.5,0.0,0.0,0.0,6.5,6.5,6.5,0.5,2.0,2.0,2.0,1.0,1.0,0.5,0.5,0.5
5,0 0 0 0 1 0 1,8.0,8.0,8.0,8.0,8.0,8.0,0.0,0.0,0.0,3.5,3.5,3.5,0.0,0.0,0.0,6.5,6.5,6.5,0.5,0.0,2.0,2.0,1.0,1.0,0.5,0.5,0.5
6,0 0 0 0 1 1 0,8.0,8.0,8.0,8.0,8.0,8.0,0.0,0.0,0.0,1.5,1.5,1.5,0.0,0.0,0.0,6.5,6.5,6.5,0.5,0.0,0.0,0.0,1.0,1.0,0.5,0.5,0.5
7,0 0 0 0 1 1 1,8.0,8.0,8.0,8.0,8.0,8.0,0.0,0.0,0.0,1.5,1.5,1.5,0.0,0.0,0.0,6.5,6.5,6.5,0.5,0.0,0.0,0.0,1.0,1.0,0.5,0.5,0.5
8,0 0 0 1 0 0 0,2.5,2.5,2.5,2.5,2.5,2.5,0.0,1.5,1.5,1.5,1.5,1.5,0.0,0.0,0.0,0.0,0.0,6.5,0.5,2.0,2.0,2.0,1.0,1.0,0.5,0.5,0.5
9,0 0 0 1 0 0 1,4.5,4.5,4.5,4.5,4.5,4.5,0.0,3.5,3.5,3.5,3.5,3.5,0.0,0.0,0.0,0.0,0.0,6.5,0.5,0.0,2.0,2.0,1.0,1.0,0.5,0.5,0.5
10,0 0 0 1 0 1 0,2.5,2.5,2.5,2.5,2.5,2.5,0.0,1.5,1.5,1.5,1.5,1.5,0.0,0.0,0.0,0.0,0.0,6.5,0.5,0.0,0.0,0.0,1.0,1.0,0.5,0.5,0.5
11,0 0 0 1 0 1 1,2.5,2.5,2.5,2.5,2.5,2.5,0.0,1.5,1.5,1.5,1.5,1.5,0.0,0.0,0.0,0.0,0.0,6.5,0.5,0.0,0.0,0.0,1.0,1.0,0.5,0.5,0.5
12,0 0 0 1 1 0 0,0.0,0.0,0.0,0.0,0.0,0.0,0.0,0.0,0.0,1.5,1.5,1.5,0.0,0.0,0.0,0.0,0.0,6.5,0.5,2.0,2.0,2.0,1.0,1.0,0.5,0.5,0.5
13,0 0 0 1 1 0 1,0.0,0.0,0.0,0.0,0.0,0.0,0.0,0.0,0.0,3.5,3.5,3.5,0.0,0.0,0.0,0.0,0.0,6.5,0.5,0.0,2.0,2.0,1.0,1.0,0.5,0.5,0.5
14,0 0 0 1 1 1 0,0.0,0.0,0.0,0.0,0.0,0.0,0.0,0.0,0.0,1.5,1.5,1.5,0.0,0.0,0.0,0.0,0.0,6.5,0.5,0.0,0.0,0.0,1.0,1.0,0.5,0.5,0.5
15,0 0 0 1 1 1 1,0.0,0.0,0.0,0.0,0.0,0.0,0.0,0.0,0.0,1.5,1.5,1.5,0.0,0.0,0.0,0.0,0.0,6.5,0.5,0.0,0.0,0.0,1.0,1.0,0.5,0.5,0.5
16,0 0 1 0 0 0 0,10.5,10.5,0.0,10.5,10.5,10.5,0.0,1.5,1.5,1.5,1.5,1.5,0.0,0.0,0.0,6.5,6.5,6.5,0.5,2.0,2.0,2.0,1.0,1.0,0.5,0.5,0.5
17,0 0 1 0 0 0 1,10.5,10.5,0.0,10.5,10.5,10.5,0.0,3.5,3.5,3.5,3.5,3.5,0.0,0.0,0.0,6.5,6.5,6.5,0.5,0.0,2.0,2.0,1.0,1.0,0.5,0.5,0.5
18,0 0 1 0 0 1 0,10.5,10.5,0.0,10.5,10.5,10.5,0.0,1.5,1.5,1.5,1.5,1.5,0.0,0.0,0.0,6.5,6.5,6.5,0.5,0.0,0.0,0.0,1.0,1.0,0.5,0.5,0.5
19,0 0 1 0 0 1 1,10.5,10.5,0.0,10.5,10.5,10.5,0.0,1.5,1.5,1.5,1.5,1.5,0.0,0.0,0.0,6.5,6.5,6.5,0.5,0.0,0.0,0.0,1.0,1.0,0.5,0.5,0.5
20,0 0 1 0 1 0 0,8.0,8.0,0.0,8.0,8.0,8.0,0.0,0.0,0.0,1.5,1.5,1.5,0.0,0.0,0.0,6.5,6.5,6.5,0.5,2.0,2.0,2.0,1.0,1.0,0.5,0.5,0.5
21,0 0 1 0 1 0 1,8.0,8.0,0.0,8.0,8.0,8.0,0.0,0.0,0.0,3.5,3.5,3.5,0.0,0.0,0.0,6.5,6.5,6.5,0.5,0.0,2.0,2.0,1.0,1.0,0.5,0.5,0.5
22,0 0 1 0 1 1 0,8.0,8.0,0.0,8.0,8.0,8.0,0.0,0.0,0.0,1.5,1.5,1.5,0.0,0.0,0.0,6.5,6.5,6.5,0.5,0.0,0.0,0.0,1.0,1.0,0.5,0.5,0.5
23,0 0 1 0 1 1 1,8.0,8.0,0.0,8.0,8.0,8.0,0.0,0.0,0.0,1.5,1.5,1.5,0.0,0.0,0.0,6.5,6.5,6.5,0.5,0.0,0.0,0.0,1.0,1.0,0.5,0.5,0.5
24,0 0 1 1 0 0 0,2.5,2.5,0.0,2.5,2.5,2.5,0.0,1.5,1.5,1.5,1.5,1.5,0.0,0.0,0.0,0.0,0.0,6.5,0.5,2.0,2.0,2.0,1.0,1.0,0.5,0.5,0.5
25,0 0 1 1 0 0 1,4.5,4.5,0.0,4.5,4.5,4.5,0.0,3.5,3.5,3.5,3.5,3.5,0.0,0.0,0.0,0.0,0.0,6.5,0.5,0.0,2.0,2.0,1.0,1.0,0.5,0.5,0.5
26,0 0 1 1 0 1 0,2.5,2.5,0.0,2.5,2.5,2.5,0.0,1.5,1.5,1.5,1.5,1.5,0.0,0.0,0.0,0.0,0.0,6.5,0.5,0.0,0.0,0.0,1.0,1.0,0.5,0.5,0.5
27,0 0 1 1 0 1 1,2.5,2.5,0.0,2.5,2.5,2.5,0.0,1.5,1.5,1.5,1.5,1.5,0.0,0.0,0.0,0.0,0.0,6.5,0.5,0.0,0.0,0.0,1.0,1.0,0.5,0.5,0.5
28,0 0 1 1 1 0 0,0.0,0.0,0.0,0.0,0.0,0.0,0.0,0.0,0.0,1.5,1.5,1.5,0.0,0.0,0.0,0.0,0.0,6.5,0.5,2.0,2.0,2.0,1.0,1.0,0.5,0.5,0.5
29,0 0 1 1 1 0 1,0.0,0.0,0.0,0.0,0.0,0.0,0.0,0.0,0.0,3.5,3.5,3.5,0.0,0.0,0.0,0.0,0.0,6.5,0.5,0.0,2.0,2.0,1.0,1.0,0.5,0.5,0.5
30,0 0 1 1 1 1 0,0.0,0.0,0.0,0.0,0.0,0.0,0.0,0.0,0.0,1.5,1.5,1.5,0.0,0.0,0.0,0.0,0.0,6.5,0.5,0.0,0.0,0.0,1.0,1.0,0.5,0.5,0.5
31,0 0 1 1 1 1 1,0.0,0.0,0.0,0.0,0.0,0.0,0.0,0.0,0.0,1.5,1.5,1.5,0.0,0.0,0.0,0.0,0.0,6.5,0.5,0.0,0.0,0.0,1.0,1.0,0.5,0.5,0.5
32,0 1 0 0 0 0 0,0.0,10.5,10.5,0.0,10.5,10.5,0.0,1.5,1.5,1.5,1.5,1.5,0.0,0.0,0.0,6.5,6.5,6.5,0.5,2.0,2.0,2.0,1.0,1.0,0.5,0.5,0.5
33,0 1 0 0 0 0 1,0.0,10.5,10.5,0.0,10.5,10.5,0.0,3.5,3.5,3.5,3.5,3.5,0.0,0.0,0.0,6.5,6.5,6.5,0.5,0.0,2.0,2.0,1.0,1.0,0.5,0.5,0.5
34,0 1 0 0 0 1 0,0.0,10.5,10.5,0.0,10.5,10.5,0.0,1.5,1.5,1.5,1.5,1.5,0.0,0.0,0.0,6.5,6.5,6.5,0.5,0.0,0.0,0.0,1.0,1.0,0.5,0.5,0.5
35,0 1 0 0 0 1 1,0.0,10.5,10.5,0.0,10.5,10.5,0.0,1.5,1.5,1.5,1.5,1.5,0.0,0.0,0.0,6.5,6.5,6.5,0.5,0.0,0.0,0.0,1.0,1.0,0.5,0.5,0.5
36,0 1 0 0 1 0 0,0.0,8.0,8.0,0.0,8.0,8.0,0.0,0.0,0.0,1.5,1.5,1.5,0.0,0.0,0.0,6.5,6.5,6.5,0.5,2.0,2.0,2.0,1.0,1.0,0.5,0.5,0.5
37,0 1 0 0 1 0 1,0.0,8.0,8.0,0.0,8.0,8.0,0.0,0.0,0.0,3.5,3.5,3.5,0.0,0.0,0.0,6.5,6.5,6.5,0.5,0.0,2.0,2.0,1.0,1.0,0.5,0.5,0.5
38,0 1 0 0 1 1 0,0.0,8.0,8.0,0.0,8.0,8.0,0.0,0.0,0.0,1.5,1.5,1.5,0.0,0.0,0.0,6.5,6.5,6.5,0.5,0.0,0.0,0.0,1.0,1.0,0.5,0.5,0.5
39,0 1 0 0 1 1 1,0.0,8.0,8.0,0.0,8.0,8.0,0.0,0.0,0.0,1.5,1.5,1.5,0.0,0.0,0.0,6.5,6.5,6.5,0.5,0.0,0.0,0.0,1.0,1.0,0.5,0.5,0.5
40,0 1 0 1 0 0 0,0.0,2.5,2.5,0.0,2.5,2.5,0.0,1.5,1.5,1.5,1.5,1.5,0.0,0.0,0.0,0.0,0.0,6.5,0.5,2.0,2.0,2.0,1.0,1.0,0.5,0.5,0.5
41,0 1 0 1 0 0 1,0.0,4.5,4.5,0.0,4.5,4.5,0.0,3.5,3.5,3.5,3.5,3.5,0.0,0.0,0.0,0.0,0.0,6.5,0.5,0.0,2.0,2.0,1.0,1.0,0.5,0.5,0.5
42,0 1 0 1 0 1 0,0.0,2.5,2.5,0.0,2.5,2.5,0.0,1.5,1.5,1.5,1.5,1.5,0.0,0.0,0.0,0.0,0.0,6.5,0.5,0.0,0.0,0.0,1.0,1.0,0.5,0.5,0.5
43,0 1 0 1 0 1 1,0.0,2.5,2.5,0.0,2.5,2.5,0.0,1.5,1.5,1.5,1.5,1.5,0.0,0.0,0.0,0.0,0.0,6.5,0.5,0.0,0.0,0.0,1.0,1.0,0.5,0.5,0.5
44,0 1 0 1 1 0 0,0.0,0.0,0.0,0.0,0.0,0.0,0.0,0.0,0.0,1.5,1.5,1.5,0.0,0.0,0.0,0.0,0.0,6.5,0.5,2.0,2.0,2.0,1.0,1.0,0.5,0.5,0.5
45,0 1 0 1 1 0 1,0.0,0.0,0.0,0.0,0.0,0.0,0.0,0.0,0.0,3.5,3.5,3.5,0.0,0.0,0.0,0.0,0.0,6.5,0.5,0.0,2.0,2.0,1.0,1.0,0.5,0.5,0.5
46,0 1 0 1 1 1 0,0.0,0.0,0.0,0.0,0.0,0.0,0.0,0.0,0.0,1.5,1.5,1.5,0.0,0.0,0.0,0.0,0.0,6.5,0.5,0.0,0.0,0.0,1.0,1.0,0.5,0.5,0.5
47,0 1 0 1 1 1 1,0.0,0.0,0.0,0.0,0.0,0.0,0.0,0.0,0.0,1.5,1.5,1.5,0.0,0.0,0.0,0.0,0.0,6.5,0.5,0.0,0.0,0.0,1.0,1.0,0.5,0.5,0.5
48,0 1 1 0 0 0 0,0.0,10.5,0.0,0.0,10.5,10.5,0.0,1.5,1.5,1.5,1.5,1.5,0.0,0.0,0.0,6.5,6.5,6.5,0.5,2.0,2.0,2.0,1.0,1.0,0.5,0.5,0.5
49,0 1 1 0 0 0 1,0.0,10.5,0.0,0.0,10.5,10.5,0.0,3.5,3.5,3.5,3.5,3.5,0.0,0.0,0.0,6.5,6.5,6.5,0.5,0.0,2.0,2.0,1.0,1.0,0.5,0.5,0.5
50,0 1 1 0 0 1 0,0.0,10.5,0.0,0.0,10.5,10.5,0.0,1.5,1.5,1.5,1.5,1.5,0.0,0.0,0.0,6.5,6.5,6.5,0.5,0.0,0.0,0.0,1.0,1.0,0.5,0.5,0.5
51,0 1 1 0 0 1 1,0.0,10.5,0.0,0.0,10.5,10.5,0.0,1.5,1.5,1.5,1.5,1.5,0.0,0.0,0.0,6.5,6.5,6.5,0.5,0.0,0.0,0.0,1.0,1.0,0.5,0.5,0.5
52,0 1 1 0 1 0 0,0.0,8.0,0.0,0.0,8.0,8.0,0.0,0.0,0.0,1.5,1.5,1.5,0.0,0.0,0.0,6.5,6.5,6.5,0.5,2.0,2.0,2.0,1.0,1.0,0.5,0.5,0.5
53,0 1 1 0 1 0 1,0.0,8.0,0.0,0.0,8.0,8.0,0.0,0.0,0.0,3.5,3.5,3.5,0.0,0.0,0.0,6.5,6.5,6.5,0.5,0.0,2.0,2.0,1.0,1.0,0.5,0.5,0.5
54,0 1 1 0 1 1 0,0.0,8.0,0.0,0.0,8.0,8.0,0.0,0.0,0.0,1.5,1.5,1.5,0.0,0.0,0.0,6.5,6.5,6.5,0.5,0.0,0.0,0.0,1.0,1.0,0.5,0.5,0.5
55,0 1 1 0 1 1 1,0.0,8.0,0.0,0.0,8.0,8.0,0.0,0.0,0.0,1.5,1.5,1.5,0.0,0.0,0.0,6.5,6.5,6.5,0.5,0.0,0.0,0.0,1.0,1.0,0.5,0.5,0.5
56,0 1 1 1 0 0 0,0.0,2.5,0.0,0.0,2.5,2.5,0.0,1.5,1.5,1.5,1.5,1.5,0.0,0.0,0.0,0.0,0.0,6.5,0.5,2.0,2.0,2.0,1.0,1.0,0.5,0.5,0.5
57,0 1 1 1 0 0 1,0.0,4.5,0.0,0.0,4.5,4.5,0.0,3.5,3.5,3.5,3.5,3.5,0.0,0.0,0.0,0.0,0.0,6.5,0.5,0.0,2.0,2.0,1.0,1.0,0.5,0.5,0.5
58,0 1 1 1 0 1 0,0.0,2.5,0.0,0.0,2.5,2.5,0.0,1.5,1.5,1.5,1.5,1.5,0.0,0.0,0.0,0.0,0.0,6.5,0.5,0.0,0.0,0.0,1.0,1.0,0.5,0.5,0.5
59,0 1 1 1 0 1 1,0.0,2.5,0.0,0.0,2.5,2.5,0.0,1.5,1.5,1.5,1.5,1.5,0.0,0.0,0.0,0.0,0.0,6.5,0.5,0.0,0.0,0.0,1.0,1.0,0.5,0.5,0.5
60,0 1 1 1 1 0 0,0.0,0.0,0.0,0.0,0.0,0.0,0.0,0.0,0.0,1.5,1.5,1.5,0.0,0.0,0.0,0.0,0.0,6.5,0.5,2.0,2.0,2.0,1.0,1.0,0.5,0.5,0.5
61,0 1 1 1 1 0 1,0.0,0.0,0.0,0.0,0.0,0.0,0.0,0.0,0.0,3.5,3.5,3.5,0.0,0.0,0.0,0.0,0.0,6.5,0.5,0.0,2.0,2.0,1.0,1.0,0.5,0.5,0.5
62,0 1 1 1 1 1 0,0.0,0.0,0.0,0.0,0.0,0.0,0.0,0.0,0.0,1.5,1.5,1.5,0.0,0.0,0.0,0.0,0.0,6.5,0.5,0.0,0.0,0.0,1.0,1.0,0.5,0.5,0.5
63,0 1 1 1 1 1 1,0.0,0.0,0.0,0.0,0.0,0.0,0.0,0.0,0.0,1.5,1.5,1.5,0.0,0.0,0.0,0.0,0.0,6.5,0.5,0.0,0.0,0.0,1.0,1.0,0.5,0.5,0.5
64,1 0 0 0 0 0 0,0.0,0.0,10.5,0.0,10.5,10.5,0.0,1.5,1.5,1.5,1.5,1.5,0.0,0.0,0.0,6.5,6.5,6.5,0.5,2.0,2.0,2.0,1.0,1.0,0.5,0.5,0.5
65,1 0 0 0 0 0 1,0.0,0.0,10.5,0.0,10.5,10.5,0.0,3.5,3.5,3.5,3.5,3.5,0.0,0.0,0.0,6.5,6.5,6.5,0.5,0.0,2.0,2.0,1.0,1.0,0.5,0.5,0.5
66,1 0 0 0 0 1 0,0.0,0.0,10.5,0.0,10.5,10.5,0.0,1.5,1.5,1.5,1.5,1.5,0.0,0.0,0.0,6.5,6.5,6.5,0.5,0.0,0.0,0.0,1.0,1.0,0.5,0.5,0.5
67,1 0 0 0 0 1 1,0.0,0.0,10.5,0.0,10.5,10.5,0.0,1.5,1.5,1.5,1.5,1.5,0.0,0.0,0.0,6.5,6.5,6.5,0.5,0.0,0.0,0.0,1.0,1.0,0.5,0.5,0.5
68,1 0 0 0 1 0 0,0.0,0.0,8.0,0.0,8.0,8.0,0.0,0.0,0.0,1.5,1.5,1.5,0.0,0.0,0.0,6.5,6.5,6.5,0.5,2.0,2.0,2.0,1.0,1.0,0.5,0.5,0.5
69,1 0 0 0 1 0 1,0.0,0.0,8.0,0.0,8.0,8.0,0.0,0.0,0.0,3.5,3.5,3.5,0.0,0.0,0.0,6.5,6.5,6.5,0.5,0.0,2.0,2.0,1.0,1.0,0.5,0.5,0.5
70,1 0 0 0 1 1 0,0.0,0.0,8.0,0.0,8.0,8.0,0.0,0.0,0.0,1.5,1.5,1.5,0.0,0.0,0.0,6.5,6.5,6.5,0.5,0.0,0.0,0.0,1.0,1.0,0.5,0.5,0.5
71,1 0 0 0 1 1 1,0.0,0.0,8.0,0.0,8.0,8.0,0.0,0.0,0.0,1.5,1.5,1.5,0.0,0.0,0.0,6.5,6.5,6.5,0.5,0.0,0.0,0.0,1.0,1.0,0.5,0.5,0.5
72,1 0 0 1 0 0 0,0.0,0.0,2.5,0.0,2.5,2.5,0.0,1.5,1.5,1.5,1.5,1.5,0.0,0.0,0.0,0.0,0.0,6.5,0.5,2.0,2.0,2.0,1.0,1.0,0.5,0.5,0.5
73,1 0 0 1 0 0 1,0.0,0.0,4.5,0.0,4.5,4.5,0.0,3.5,3.5,3.5,3.5,3.5,0.0,0.0,0.0,0.0,0.0,6.5,0.5,0.0,2.0,2.0,1.0,1.0,0.5,0.5,0.5
74,1 0 0 1 0 1 0,0.0,0.0,2.5,0.0,2.5,2.5,0.0,1.5,1.5,1.5,1.5,1.5,0.0,0.0,0.0,0.0,0.0,6.5,0.5,0.0,0.0,0.0,1.0,1.0,0.5,0.5,0.5
75,1 0 0 1 0 1 1,0.0,0.0,2.5,0.0,2.5,2.5,0.0,1.5,1.5,1.5,1.5,1.5,0.0,0.0,0.0,0.0,0.0,6.5,0.5,0.0,0.0,0.0,1.0,1.0,0.5,0.5,0.5
76,1 0 0 1 1 0 0,0.0,0.0,0.0,0.0,0.0,0.0,0.0,0.0,0.0,1.5,1.5,1.5,0.0,0.0,0.0,0.0,0.0,6.5,0.5,2.0,2.0,2.0,1.0,1.0,0.5,0.5,0.5
77,1 0 0 1 1 0 1,0.0,0.0,0.0,0.0,0.0,0.0,0.0,0.0,0.0,3.5,3.5,3.5,0.0,0.0,0.0,0.0,0.0,6.5,0.5,0.0,2.0,2.0,1.0,1.0,0.5,0.5,0.5
78,1 0 0 1 1 1 0,0.0,0.0,0.0,0.0,0.0,0.0,0.0,0.0,0.0,1.5,1.5,1.5,0.0,0.0,0.0,0.0,0.0,6.5,0.5,0.0,0.0,0.0,1.0,1.0,0.5,0.5,0.5
79,1 0 0 1 1 1 1,0.0,0.0,0.0,0.0,0.0,0.0,0.0,0.0,0.0,1.5,1.5,1.5,0.0,0.0,0.0,0.0,0.0,6.5,0.5,0.0,0.0,0.0,1.0,1.0,0.5,0.5,0.5
80,1 0 1 0 0 0 0,0.0,0.0,0.0,0.0,10.5,10.5,0.0,1.5,1.5,1.5,1.5,1.5,0.0,0.0,0.0,6.5,6.5,6.5,0.5,2.0,2.0,2.0,1.0,1.0,0.5,0.5,0.5
81,1 0 1 0 0 0 1,0.0,0.0,0.0,0.0,10.5,10.5,0.0,3.5,3.5,3.5,3.5,3.5,0.0,0.0,0.0,6.5,6.5,6.5,0.5,0.0,2.0,2.0,1.0,1.0,0.5,0.5,0.5
82,1 0 1 0 0 1 0,0.0,0.0,0.0,0.0,10.5,10.5,0.0,1.5,1.5,1.5,1.5,1.5,0.0,0.0,0.0,6.5,6.5,6.5,0.5,0.0,0.0,0.0,1.0,1.0,0.5,0.5,0.5
83,1 0 1 0 0 1 1,0.0,0.0,0.0,0.0,10.5,10.5,0.0,1.5,1.5,1.5,1.5,1.5,0.0,0.0,0.0,6.5,6.5,6.5,0.5,0.0,0.0,0.0,1.0,1.0,0.5,0.5,0.5
84,1 0 1 0 1 0 0,0.0,0.0,0.0,0.0,8.0,8.0,0.0,0.0,0.0,1.5,1.5,1.5,0.0,0.0,0.0,6.5,6.5,6.5,0.5,2.0,2.0,2.0,1.0,1.0,0.5,0.5,0.5
85,1 0 1 0 1 0 1,0.0,0.0,0.0,0.0,8.0,8.0,0.0,0.0,0.0,3.5,3.5,3.5,0.0,0.0,0.0,6.5,6.5,6.5,0.5,0.0,2.0,2.0,1.0,1.0,0.5,0.5,0.5
86,1 0 1 0 1 1 0,0.0,0.0,0.0,0.0,8.0,8.0,0.0,0.0,0.0,1.5,1.5,1.5,0.0,0.0,0.0,6.5,6.5,6.5,0.5,0.0,0.0,0.0,1.0,1.0,0.5,0.5,0.5
87,1 0 1 0 1 1 1,0.0,0.0,0.0,0.0,8.0,8.0,0.0,0.0,0.0,1.5,1.5,1.5,0.0,0.0,0.0,6.5,6.5,6.5,0.5,0.0,0.0,0.0,1.0,1.0,0.5,0.5,0.5
88,1 0 1 1 0 0 0,0.0,0.0,0.0,0.0,2.5,2.5,0.0,1.5,1.5,1.5,1.5,1.5,0.0,0.0,0.0,0.0,0.0,6.5,0.5,2.0,2.0,2.0,1.0,1.0,0.5,0.5,0.5
89,1 0 1 1 0 0 1,0.0,0.0,0.0,0.0,4.5,4.5,0.0,3.5,3.5,3.5,3.5,3.5,0.0,0.0,0.0,0.0,0.0,6.5,0.5,0.0,2.0,2.0,1.0,1.0,0.5,0.5,0.5
90,1 0 1 1 0 1 0,0.0,0.0,0.0,0.0,2.5,2.5,0.0,1.5,1.5,1.5,1.5,1.5,0.0,0.0,0.0,0.0,0.0,6.5,0.5,0.0,0.0,0.0,1.0,1.0,0.5,0.5,0.5
91,1 0 1 1 0 1 1,0.0,0.0,0.0,0.0,2.5,2.5,0.0,1.5,1.5,1.5,1.5,1.5,0.0,0.0,0.0,0.0,0.0,6.5,0.5,0.0,0.0,0.0,1.0,1.0,0.5,0.5,0.5
92,1 0 1 1 1 0 0,0.0,0.0,0.0,0.0,0.0,0.0,0.0,0.0,0.0,1.5,1.5,1.5,0.0,0.0,0.0,0.0,0.0,6.5,0.5,2.0,2.0,2.0,1.0,1.0,0.5,0.5,0.5
93,1 0 1 1 1 0 1,0.0,0.0,0.0,0.0,0.0,0.0,0.0,0.0,0.0,3.5,3.5,3.5,0.0,0.0,0.0,0.0,0.0,6.5,0.5,0.0,2.0,2.0,1.0,1.0,0.5,0.5,0.5
94,1 0 1 1 1 1 0,0.0,0.0,0.0,0.0,0.0,0.0,0.0,0.0,0.0,1.5,1.5,1.5,0.0,0.0,0.0,0.0,0.0,6.5,0.5,0.0,0.0,0.0,1.0,1.0,0.5,0.5,0.5
95,1 0 1 1 1 1 1,0.0,0.0,0.0,0.0,0.0,0.0,0.0,0.0,0.0,1.5,1.5,1.5,0.0,0.0,0.0,0.0,0.0,6.5,0.5,0.0,0.0,0.0,1.0,1.0,0.5,0.5,0.5
96,1 1 0 0 0 0 0,0.0,0.0,10.5,0.0,10.5,10.5,0.0,1.5,1.5,1.5,1.5,1.5,0.0,0.0,0.0,6.5,6.5,6.5,0.5,2.0,2.0,2.0,1.0,1.0,0.5,0.5,0.5
97,1 1 0 0 0 0 1,0.0,0.0,10.5,0.0,10.5,10.5,0.0,3.5,3.5,3.5,3.5,3.5,0.0,0.0,0.0,6.5,6.5,6.5,0.5,0.0,2.0,2.0,1.0,1.0,0.5,0.5,0.5
98,1 1 0 0 0 1 0,0.0,0.0,10.5,0.0,10.5,10.5,0.0,1.5,1.5,1.5,1.5,1.5,0.0,0.0,0.0,6.5,6.5,6.5,0.5,0.0,0.0,0.0,1.0,1.0,0.5,0.5,0.5
99,1 1 0 0 0 1 1,0.0,0.0,10.5,0.0,10.5,10.5,0.0,1.5,1.5,1.5,1.5,1.5,0.0,0.0,0.0,6.5,6.5,6.5,0.5,0.0,0.0,0.0,1.0,1.0,0.5,0.5,0.5
100,1 1 0 0 1 0 0,0.0,0.0,8.0,0.0,8.0,8.0,0.0,0.0,0.0,1.5,1.5,1.5,0.0,0.0,0.0,6.5,6.5,6.5,0.5,2.0,2.0,2.0,1.0,1.0,0.5,0.5,0.5
101,1 1 0 0 1 0 1,0.0,0.0,8.0,0.0,8.0,8.0,0.0,0.0,0.0,3.5,3.5,3.5,0.0,0.0,0.0,6.5,6.5,6.5,0.5,0.0,2.0,2.0,1.0,1.0,0.5,0.5,0.5
102,1 1 0 0 1 1 0,0.0,0.0,8.0,0.0,8.0,8.0,0.0,0.0,0.0,1.5,1.5,1.5,0.0,0.0,0.0,6.5,6.5,6.5,0.5,0.0,0.0,0.0,1.0,1.0,0.5,0.5,0.5
103,1 1 0 0 1 1 1,0.0,0.0,8.0,0.0,8.0,8.0,0.0,0.0,0.0,1.5,1.5,1.5,0.0,0.0,0.0,6.5,6.5,6.5,0.5,0.0,0.0,0.0,1.0,1.0,0.5,0.5,0.5
104,1 1 0 1 0 0 0,0.0,0.0,2.5,0.0,2.5,2.5,0.0,1.5,1.5,1.5,1.5,1.5,0.0,0.0,0.0,0.0,0.0,6.5,0.5,2.0,2.0,2.0,1.0,1.0,0.5,0.5,0.5
105,1 1 0 1 0 0 1,0.0,0.0,4.5,0.0,4.5,4.5,0.0,3.5,3.5,3.5,3.5,3.5,0.0,0.0,0.0,0.0,0.0,6.5,0.5,0.0,2.0,2.0,1.0,1.0,0.5,0.5,0.5
106,1 1 0 1 0 1 0,0.0,0.0,2.5,0.0,2.5,2.5,0.0,1.5,1.5,1.5,1.5,1.5,0.0,0.0,0.0,0.0,0.0,6.5,0.5,0.0,0.0,0.0,1.0,1.0,0.5,0.5,0.5
107,1 1 0 1 0 1 1,0.0,0.0,2.5,0.0,2.5,2.5,0.0,1.5,1.5,1.5,1.5,1.5,0.0,0.0,0.0,0.0,0.0,6.5,0.5,0.0,0.0,0.0,1.0,1.0,0.5,0.5,0.5
108,1 1 0 1 1 0 0,0.0,0.0,0.0,0.0,0.0,0.0,0.0,0.0,0.0,1.5,1.5,1.5,0.0,0.0,0.0,0.0,0.0,6.5,0.5,2.0,2.0,2.0,1.0,1.0,0.5,0.5,0.5
109,1 1 0 1 1 0 1,0.0,0.0,0.0,0.0,0.0,0.0,0.0,0.0,0.0,3.5,3.5,3.5,0.0,0.0,0.0,0.0,0.0,6.5,0.5,0.0,2.0,2.0,1.0,1.0,0.5,0.5,0.5
110,1 1 0 1 1 1 0,0.0,0.0,0.0,0.0,0.0,0.0,0.0,0.0,0.0,1.5,1.5,1.5,0.0,0.0,0.0,0.0,0.0,6.5,0.5,0.0,0.0,0.0,1.0,1.0,0.5,0.5,0.5
111,1 1 0 1 1 1 1,0.0,0.0,0.0,0.0,0.0,0.0,0.0,0.0,0.0,1.5,1.5,1.5,0.0,0.0,0.0,0.0,0.0,6.5,0.5,0.0,0.0,0.0,1.0,1.0,0.5,0.5,0.5
112,1 1 1 0 0 0 0,0.0,0.0,0.0,0.0,10.5,10.5,0.0,1.5,1.5,1.5,1.5,1.5,0.0,0.0,0.0,6.5,6.5,6.5,0.5,2.0,2.0,2.0,1.0,1.0,0.5,0.5,0.5
113,1 1 1 0 0 0 1,0.0,0.0,0.0,0.0,10.5,10.5,0.0,3.5,3.5,3.5,3.5,3.5,0.0,0.0,0.0,6.5,6.5,6.5,0.5,0.0,2.0,2.0,1.0,1.0,0.5,0.5,0.5
114,1 1 1 0 0 1 0,0.0,0.0,0.0,0.0,10.5,10.5,0.0,1.5,1.5,1.5,1.5,1.5,0.0,0.0,0.0,6.5,6.5,6.5,0.5,0.0,0.0,0.0,1.0,1.0,0.5,0.5,0.5
115,1 1 1 0 0 1 1,0.0,0.0,0.0,0.0,10.5,10.5,0.0,1.5,1.5,1.5,1.5,1.5,0.0,0.0,0.0,6.5,6.5,6.5,0.5,0.0,0.0,0.0,1.0,1.0,0.5,0.5,0.5
116,1 1 1 0 1 0 0,0.0,0.0,0.0,0.0,8.0,8.0,0.0,0.0,0.0,1.5,1.5,1.5,0.0,0.0,0.0,6.5,6.5,6.5,0.5,2.0,2.0,2.0,1.0,1.0,0.5,0.5,0.5
117,1 1 1 0 1 0 1,0.0,0.0,0.0,0.0,8.0,8.0,0.0,0.0,0.0,3.5,3.5,3.5,0.0,0.0,0.0,6.5,6.5,6.5,0.5,0.0,2.0,2.0,1.0,1.0,0.5,0.5,0.5
118,1 1 1 0 1 1 0,0.0,0.0,0.0,0.0,8.0,8.0,0.0,0.0,0.0,1.5,1.5,1.5,0.0,0.0,0.0,6.5,6.5,6.5,0.5,0.0,0.0,0.0,1.0,1.0,0.5,0.5,0.5
119,1 1 1 0 1 1 1,0.0,0.0,0.0,0.0,8.0,8.0,0.0,0.0,0.0,1.5,1.5,1.5,0.0,0.0,0.0,6.5,6.5,6.5,0.5,0.0,0.0,0.0,1.0,1.0,0.5,0.5,0.5
120,1 1 1 1 0 0 0,0.0,0.0,0.0,0.0,2.5,2.5,0.0,1.5,1.5,1.5,1.5,1.5,0.0,0.0,0.0,0.0,0.0,6.5,0.5,2.0,2.0,2.0,1.0,1.0,0.5,0.5,0.5
121,1 1 1 1 0 0 1,0.0,0.0,0.0,0.0,4.5,4.5,0.0,3.5,3.5,3.5,3.5,3.5,0.0,0.0,0.0,0.0,0.0,6.5,0.5,0.0,2.0,2.0,1.0,1.0,0.5,0.5,0.5
122,1 1 1 1 0 1 0,0.0,0.0,0.0,0.0,2.5,2.5,0.0,1.5,1.5,1.5,1.5,1.5,0.0,0.0,0.0,0.0,0.0,6.5,0.5,0.0,0.0,0.0,1.0,1.0,0.5,0.5,0.5
123,1 1 1 1 0 1 1,0.0,0.0,0.0,0.0,2.5,2.5,0.0,1.5,1.5,1.5,1.5,1.5,0.0,0.0,0.0,0.0,0.0,6.5,0.5,0.0,0.0,0.0,1.0,1.0,0.5,0.5,0.5
124,1 1 1 1 1 0 0,0.0,0.0,0.0,0.0,0.0,0.0,0.0,0.0,0.0,1.5,1.5,1.5,0.0,0.0,0.0,0.0,0.0,6.5,0.5,2.0,2.0,2.0,1.0,1.0,0.5,0.5,0.5
125,1 1 1 1 1 0 1,0.0,0.0,0.0,0.0,0.0,0.0,0.0,0.0,0.0,3.5,3.5,3.5,0.0,0.0,0.0,0.0,0.0,6.5,0.5,0.0,2.0,2.0,1.0,1.0,0.5,0.5,0.5
126,1 1 1 1 1 1 0,0.0,0.0,0.0,0.0,0.0,0.0,0.0,0.0,0.0,1.5,1.5,1.5,0.0,0.0,0.0,0.0,0.0,6.5,0.5,0.0,0.0,0.0,1.0,1.0,0.5,0.5,0.5
127,1 1 1 1 1 1 1,0.0,0.0,0.0,0.0,0.0,0.0,0.0,0.0,0.0,1.5,1.5,1.5,0.0,0.0,0.0,0.0,0.0,6.5,0.5,0.0,0.0,0.0,1.0,1.0,0.5,0.5,0.5
